time,open,high,low,close,volume
1764547200000,90320.50,90396.90,88807.20,88887.70,15090.853
1764548100000,88887.80,89056.20,88312.50,88338.30,8477.223
1764549000000,88338.30,88408.80,87575.80,87712.40,10947.967
1764549900000,87712.40,87747.90,86939.60,86970.70,8747.829
1764550800000,86970.60,87669.30,86900.00,87372.50,7120.036
1764551700000,87372.50,87713.90,87200.10,87227.80,3403.271
1764552600000,87227.80,87572.40,87131.20,87392.60,1841.865
1764553500000,87392.50,87431.70,87111.00,87134.00,1644.628
1764554400000,87134.00,87472.10,87027.30,87363.60,2290.417
1764555300000,87363.60,87425.20,87051.70,87051.70,1365.129
1764556200000,87051.60,87127.10,86537.80,86784.00,5673.216
1764557100000,86784.00,86816.70,86428.70,86685.60,3955.096
1764558000000,86685.70,86791.20,86357.00,86365.60,2775.990
1764558900000,86365.50,86588.00,86281.60,86354.90,2297.595
1764559800000,86355.00,86419.30,86126.00,86419.30,3002.746
1764560700000,86419.30,86441.20,86200.30,86319.20,1589.031
1764561600000,86319.10,86331.10,85894.90,86007.10,3475.591
1764562500000,86007.00,86034.60,85666.00,85709.10,3709.907
1764563400000,85709.10,85984.30,85666.00,85866.90,2263.882
1764564300000,85866.80,85886.30,85706.00,85767.70,1404.349
1764565200000,85767.70,85897.80,85563.70,85726.50,2385.205
1764566100000,85726.40,85979.00,85660.50,85974.20,1661.434
1764567000000,85974.10,85978.70,85606.10,85716.70,1603.997
1764567900000,85716.70,85970.20,85716.60,85966.90,1450.031
1764568800000,85966.80,86241.50,85935.50,86232.00,3513.797
1764569700000,86231.90,86234.30,85967.60,86036.10,1509.032
1764570600000,86036.10,86243.50,85929.50,86243.20,1062.244
1764571500000,86243.10,86314.40,86066.00,86189.90,2096.479
1764572400000,86190.00,86230.80,86033.80,86120.50,924.300
1764573300000,86120.50,86250.00,86006.80,86207.40,906.467
1764574200000,86207.40,86449.40,86103.40,86412.10,1798.789
1764575100000,86412.00,86524.60,86393.40,86487.60,2043.923
1764576000000,86487.30,86626.70,86339.50,86423.30,1796.121
1764576900000,86423.20,86600.00,86399.30,86600.00,851.551
1764577800000,86600.00,86756.80,86450.00,86748.90,1465.826
1764578700000,86748.90,86842.00,86690.10,86811.00,1511.418
1764579600000,86811.00,86886.00,86555.00,86600.00,2284.302
1764580500000,86600.00,86740.00,86459.10,86559.70,1085.894
1764581400000,86559.70,86799.90,86532.30,86795.40,738.678
1764582300000,86795.50,86850.00,86638.10,86659.10,836.981
1764583200000,86659.20,86770.50,86612.50,86625.80,614.669
1764584100000,86625.80,86646.50,86500.80,86544.60,809.413
1764585000000,86544.60,86619.20,86512.90,86587.70,481.433
1764585900000,86587.80,86658.00,86556.80,86599.00,407.842
1764586800000,86599.00,86658.00,86437.40,86448.60,974.046
1764587700000,86448.60,86496.20,86361.20,86427.50,2017.117
1764588600000,86427.50,86454.50,86216.70,86254.20,2028.137
1764589500000,86254.10,86336.60,86090.00,86100.10,1872.088
1764590400000,86100.00,86193.00,85771.70,85842.80,4289.351
1764591300000,85842.90,86028.50,85763.80,85807.10,1912.867
1764592200000,85807.10,85846.60,85350.00,85457.90,3975.941
1764593100000,85457.90,85504.00,84700.10,85396.20,11875.206
1764594000000,85396.30,86129.80,85310.20,86049.90,7188.551
1764594900000,86049.90,86121.80,85880.80,85953.40,1918.122
1764595800000,85953.30,85980.60,85637.00,85746.10,2460.665
1764596700000,85746.20,86080.00,85700.00,85943.20,1849.127
1764597600000,85943.70,86288.00,85918.60,86193.60,3577.692
1764598500000,86193.50,86233.00,85914.20,86193.10,1807.124
1764599400000,86193.10,86625.00,85852.80,86001.20,6807.854
1764600300000,86001.20,86290.60,85810.60,86017.30,4241.085
1764601200000,86017.40,86089.90,85524.90,85544.50,4065.968
1764602100000,85544.60,85700.80,84900.40,84914.40,6215.704
1764603000000,84914.40,84938.70,83847.40,83920.50,12552.194
1764603900000,83920.50,84875.30,83786.00,84650.00,8698.454
1764604800000,84650.00,84832.00,84080.00,84113.60,4668.735
1764605700000,84113.60,84638.10,84011.00,84523.10,4431.107
1764606600000,84523.00,85436.60,84507.40,85105.10,6611.006
1764607500000,85105.10,85158.70,84456.20,84540.30,4949.629
1764608400000,84540.40,84968.90,84529.00,84538.60,2944.813
1764609300000,84538.70,85026.50,84414.10,84952.10,2316.827
1764610200000,84952.00,85176.80,84625.50,85163.10,1952.139
1764611100000,85163.10,85236.60,84863.20,84902.80,1690.315
1764612000000,84902.60,85480.30,84898.90,85399.00,2891.385
1764612900000,85399.10,85528.70,85200.20,85262.20,4503.050
1764613800000,85262.20,85293.00,84677.80,84759.10,2271.492
1764614700000,84759.10,85274.30,84710.00,85159.20,1696.736
1764615600000,85159.10,85262.30,84715.30,84996.50,1830.986
1764616500000,84996.60,85047.30,84685.20,84697.20,1148.511
1764617400000,84697.20,85041.10,84566.40,84707.70,1534.963
1764618300000,84707.70,85074.50,84650.00,84985.00,1165.117
1764619200000,84985.00,85801.50,84966.80,85508.30,6042.846
1764620100000,85508.30,85540.00,85199.40,85221.10,1738.872
1764621000000,85221.10,85432.00,85132.60,85428.50,1534.770
1764621900000,85428.60,85540.00,85262.00,85474.10,1942.801
1764622800000,85474.10,85900.00,85456.00,85608.00,3003.178
1764623700000,85607.90,86328.50,85571.40,86107.30,4914.779
1764624600000,86107.20,86462.70,86107.20,86393.10,3416.626
1764625500000,86393.10,86418.70,86171.70,86380.10,1073.906
1764626400000,86380.10,86787.40,86373.70,86462.40,3046.015
1764627300000,86462.30,86615.10,86356.00,86378.30,922.920
1764628200000,86378.30,86663.60,86238.10,86590.20,1087.823
1764629100000,86590.10,86817.00,86517.40,86518.20,1544.227
1764630000000,86518.40,86700.00,86373.30,86396.30,1282.527
1764630900000,86396.30,86699.90,86396.30,86699.80,839.419
1764631800000,86699.80,86778.00,86439.20,86467.40,1353.245
1764632700000,86467.40,86468.70,86200.00,86241.60,1252.661
1764633600000,86241.50,86538.60,86224.50,86275.40,1367.998
1764634500000,86275.50,86385.10,86140.10,86300.00,1394.228
1764635400000,86300.00,86458.50,86256.00,86307.50,953.199
1764636300000,86307.50,86630.10,86288.30,86472.00,995.468
1764637200000,86471.90,87384.00,86408.10,86738.30,5701.196
1764638100000,86738.40,86836.90,86520.00,86706.00,1323.218
1764639000000,86705.90,86795.80,86474.90,86519.90,975.088
1764639900000,86520.00,86562.00,86346.10,86409.90,1039.494
1764640800000,86409.90,86571.30,86223.20,86524.20,1237.233
1764641700000,86524.20,86813.30,86524.20,86626.10,1376.176
1764642600000,86626.10,86823.00,86598.80,86717.40,691.021
1764643500000,86717.30,86768.90,86481.60,86501.20,1033.587
1764644400000,86501.10,86601.00,86392.10,86576.40,660.911
1764645300000,86576.40,86586.20,86256.80,86303.10,797.975
1764646200000,86303.10,86952.30,86159.90,86932.70,2102.561
1764647100000,86932.80,87066.50,86724.60,86936.00,1997.826
1764648000000,86935.90,87199.10,86916.00,87045.90,1406.018
1764648900000,87045.80,87245.90,86961.70,86985.10,1285.590
1764649800000,86985.00,87018.10,86859.20,86897.50,936.067
1764650700000,86897.50,86986.10,86864.90,86924.90,683.474
1764651600000,86924.80,87081.40,86772.00,86960.90,924.837
1764652500000,86960.80,86998.30,86867.20,86873.00,619.858
1764653400000,86872.90,86933.80,86826.30,86906.30,538.275
1764654300000,86906.00,87033.00,86900.20,86968.70,615.378
1764655200000,86968.60,86968.60,86842.00,86929.70,615.277
1764656100000,86929.80,86953.30,86820.00,86879.70,479.693
1764657000000,86879.70,87148.70,86871.50,87114.70,1157.562
1764657900000,87114.70,87131.70,87041.70,87043.70,424.632
1764658800000,87043.70,87075.00,86862.00,86901.90,714.002
1764659700000,86901.80,86958.30,86834.50,86869.10,587.191
1764660600000,86869.10,86987.40,86869.10,86968.40,424.188
1764661500000,86968.50,87027.30,86941.70,86965.00,567.664
1764662400000,86965.00,87018.10,86638.90,86721.30,1628.603
1764663300000,86721.30,86750.00,86408.10,86460.20,2719.227
1764664200000,86460.20,86690.70,86321.60,86436.30,3088.401
1764665100000,86436.40,86623.30,86321.00,86438.00,1197.998
1764666000000,86438.10,86870.60,86416.70,86616.00,1362.124
1764666900000,86616.10,86964.10,86525.10,86839.30,1277.616
1764667800000,86839.20,86839.20,86616.00,86627.00,709.925
1764668700000,86627.00,86769.00,86588.40,86734.40,1143.762
1764669600000,86734.40,86920.00,86724.40,86874.20,681.844
1764670500000,86874.20,86908.50,86750.00,86761.30,415.702
1764671400000,86761.30,87053.50,86761.30,87022.40,745.458
1764672300000,87022.40,87640.00,87022.40,87241.80,4203.352
1764673200000,87241.80,87344.00,86908.80,87049.10,1730.556
1764674100000,87049.10,87393.70,86954.00,87386.70,1609.972
1764675000000,87386.70,87421.60,87270.40,87287.70,990.100
1764675900000,87287.70,87576.50,87271.10,87326.90,1064.221
1764676800000,87327.00,87491.00,87264.70,87407.00,853.616
1764677700000,87406.90,87449.90,87300.00,87405.80,537.985
1764678600000,87405.70,87516.00,87130.30,87286.00,1603.990
1764679500000,87286.10,87320.20,87163.50,87225.60,1161.607
1764680400000,87225.60,87284.70,87005.00,87124.10,1575.242
1764681300000,87124.10,87399.20,87124.10,87278.00,1383.969
1764682200000,87278.10,87536.00,87268.00,87433.60,1696.525
1764683100000,87433.70,87870.20,87424.80,87691.30,3850.219
1764684000000,87691.20,88500.00,87560.00,88297.70,6276.104
1764684900000,88297.80,88765.00,88224.00,88629.60,6572.239
1764685800000,88629.60,88858.90,88361.20,88784.00,7514.023
1764686700000,88784.00,89246.10,88738.70,89225.10,7942.478
1764687600000,89225.10,90882.40,89225.00,90612.00,16135.786
1764688500000,90612.10,90824.40,90115.90,90139.60,7972.967
1764689400000,90140.20,90746.00,89839.10,90500.10,6498.597
1764690300000,90500.00,91211.30,90500.00,90809.20,6989.697
1764691200000,90809.20,91309.40,90750.00,90853.60,5762.231
1764692100000,90853.70,90864.80,90156.40,90244.90,5209.185
1764693000000,90244.80,90819.30,90225.20,90545.30,3401.467
1764693900000,90545.30,91071.70,90505.60,90713.90,3610.958
1764694800000,90713.80,91117.90,90698.70,90929.40,3937.451
1764695700000,90929.30,91969.00,90907.00,91718.30,7876.899
1764696600000,91718.40,91919.00,91556.60,91688.90,2833.170
1764697500000,91688.90,91689.00,91350.10,91417.50,2510.768
1764698400000,91417.50,92000.00,91299.90,91771.40,3972.981
1764699300000,91771.40,92253.70,91697.30,91865.00,3881.268
1764700200000,91865.00,92189.80,91763.20,91868.50,1984.921
1764701100000,91868.60,92000.00,91686.40,91905.00,2554.747
1764702000000,91905.00,92178.10,91892.10,91997.80,1870.503
1764702900000,91997.80,92067.20,91852.80,91966.30,1321.490
1764703800000,91966.20,92273.20,91937.20,92077.30,1876.264
1764704700000,92077.20,92093.50,91791.00,91849.90,2301.319
1764705600000,91849.90,91883.80,91500.00,91521.00,3199.320
1764706500000,91521.00,91521.10,90906.60,90929.90,7883.359
1764707400000,90930.00,91092.00,90643.50,90896.80,4570.970
1764708300000,90896.70,91126.60,90792.50,90976.10,2413.521
1764709200000,90976.10,91230.40,90904.30,91174.10,1647.350
1764710100000,91174.00,91448.40,91137.00,91374.60,1712.028
1764711000000,91374.50,91449.90,91236.80,91416.90,1070.418
1764711900000,91416.80,91573.60,91366.80,91500.20,1089.040
1764712800000,91500.20,91843.80,91443.50,91783.40,2997.859
1764713700000,91783.30,91829.50,91565.50,91565.50,1018.837
1764714600000,91565.30,91885.60,91494.20,91756.80,1742.222
1764715500000,91756.70,91970.40,91654.70,91932.70,850.876
1764716400000,91932.70,91943.60,91769.40,91796.30,1013.080
1764717300000,91796.30,91878.60,91574.30,91640.00,845.714
1764718200000,91640.00,91648.00,91358.30,91395.50,1287.048
1764719100000,91395.50,91417.90,91231.00,91249.10,1093.111
1764720000000,91249.10,91499.90,91143.00,91273.20,1491.403
1764720900000,91273.10,91457.80,91082.40,91145.40,1058.132
1764721800000,91145.40,91450.00,90954.80,91442.40,1862.595
1764722700000,91442.40,91716.00,91360.50,91620.30,1942.188
1764723600000,91620.30,91811.50,91418.70,91675.50,1089.025
1764724500000,91675.40,91942.00,91598.90,91852.80,1812.656
1764725400000,91852.90,91977.30,91800.00,91935.80,1303.437
1764726300000,91935.80,92465.60,91927.70,92215.30,3726.182
1764727200000,92215.50,92869.60,92101.20,92841.00,4533.423
1764728100000,92841.00,93020.00,92557.40,92761.00,3387.207
1764729000000,92761.10,92788.00,92552.50,92636.30,1399.204
1764729900000,92636.30,92813.00,92227.20,92784.20,2214.873
1764730800000,92784.10,93068.90,92545.60,92722.10,2000.078
1764731700000,92722.10,92825.20,92590.10,92797.40,1145.430
1764732600000,92797.40,92808.40,92621.30,92683.90,880.115
1764733500000,92683.90,92742.80,92579.50,92589.20,762.396
1764734400000,92589.20,92955.40,92578.00,92829.30,1326.550
1764735300000,92829.30,93428.60,92700.00,92773.10,4133.815
1764736200000,92773.10,93099.00,92757.90,92906.10,1587.239
1764737100000,92906.10,93456.00,92849.20,93302.20,2799.281
1764738000000,93302.10,93554.10,93145.70,93264.20,3136.050
1764738900000,93264.20,93360.60,93051.90,93294.70,2374.797
1764739800000,93294.30,93632.50,93195.20,93367.20,2783.266
1764740700000,93367.30,93613.50,93329.90,93591.00,1574.242
1764741600000,93591.10,93859.80,93522.80,93640.30,3681.248
1764742500000,93640.40,93932.70,93618.30,93890.00,1870.763
1764743400000,93889.90,93890.00,93200.00,93267.80,3150.071
1764744300000,93267.80,93397.30,93092.50,93386.00,2591.990
1764745200000,93386.00,93418.60,93158.00,93158.00,1277.459
1764746100000,93158.00,93158.10,92820.00,92995.90,3254.202
1764747000000,92995.80,93078.80,92906.90,93060.60,1301.177
1764747900000,93060.50,93060.50,92859.90,92969.90,1124.562
1764748800000,92970.00,93147.80,92850.00,92946.40,1359.245
1764749700000,92946.40,92959.80,92792.00,92877.40,1216.768
1764750600000,92877.50,92964.90,92690.00,92776.10,1468.129
1764751500000,92776.10,92894.80,92636.60,92740.80,2342.880
1764752400000,92740.80,92946.90,92672.30,92946.80,1564.021
1764753300000,92946.90,92954.00,92761.00,92897.10,787.825
1764754200000,92897.10,92920.70,92739.50,92860.90,578.208
1764755100000,92861.00,93179.70,92840.70,93132.10,2362.014
1764756000000,93132.10,93144.50,92973.60,93081.60,975.864
1764756900000,93081.60,93338.40,93079.80,93163.10,1596.626
1764757800000,93163.00,93163.10,92807.30,92899.90,1808.968
1764758700000,92900.00,93027.00,92822.00,92899.90,1064.746
1764759600000,92899.90,92977.90,92673.50,92700.60,1343.846
1764760500000,92700.60,92987.30,92602.80,92952.00,1547.073
1764761400000,92952.00,93009.80,92783.00,92862.50,858.426
1764762300000,92862.40,93000.00,92862.40,92957.70,493.279
1764763200000,92957.60,93069.70,92744.70,92835.10,1026.460
1764764100000,92835.00,92881.70,92642.70,92682.30,1129.627
1764765000000,92682.40,92849.90,92637.90,92806.90,1057.842
1764765900000,92806.90,92937.80,92750.00,92882.30,853.038
1764766800000,92882.20,93044.70,92828.60,92885.00,1064.448
1764767700000,92885.00,93092.00,92851.60,92959.30,1562.324
1764768600000,92959.30,93167.60,92867.90,93153.90,1267.700
1764769500000,93154.00,93225.40,93022.40,93077.60,1122.798
1764770400000,93077.70,93100.40,91637.40,91980.00,16658.172
1764771300000,91980.00,92525.40,91950.70,92498.00,4357.106
1764772200000,92497.90,93653.60,92080.40,93452.60,8394.351
1764773100000,93452.70,93487.40,92278.00,92300.00,6879.454
1764774000000,92300.00,92943.40,92108.00,92196.90,4544.388
1764774900000,92196.90,92450.00,91873.90,92281.40,4338.012
1764775800000,92281.50,92734.00,92195.10,92305.10,2791.430
1764776700000,92305.10,92620.00,92279.50,92332.90,1366.428
1764777600000,92333.00,92428.50,91733.20,91994.80,3471.564
1764778500000,91994.70,92252.20,91943.40,92247.00,1668.734
1764779400000,92247.00,92712.80,92219.60,92688.20,2117.870
1764780300000,92688.10,92705.40,92187.80,92212.40,1477.544
1764781200000,92212.40,92603.20,92160.00,92587.00,2355.552
1764782100000,92587.10,92667.90,92159.90,92472.00,2448.327
1764783000000,92472.10,92887.00,92472.00,92720.00,2239.263
1764783900000,92719.90,93000.00,92650.10,92919.50,1937.271
1764784800000,92919.40,93471.10,92919.40,93384.90,3368.906
1764785700000,93385.00,93412.00,92861.20,93064.50,2757.136
1764786600000,93064.50,93172.50,92922.80,93086.90,981.482
1764787500000,93087.00,93096.50,92315.30,92584.80,2624.410
1764788400000,92584.80,92808.70,92536.50,92644.60,1095.039
1764789300000,92644.70,92748.90,92489.30,92679.30,704.914
1764790200000,92679.50,92800.80,92580.30,92800.80,578.798
1764791100000,92800.70,93062.90,92761.60,92995.80,863.412
1764792000000,92995.80,93125.20,92784.30,92929.30,859.741
1764792900000,92929.30,93075.00,92834.60,92982.60,678.940
1764793800000,92982.60,93219.30,92917.30,93135.80,1318.071
1764794700000,93135.70,93345.30,92826.00,92928.20,1351.831
1764795600000,92928.80,93066.40,92801.00,93002.90,990.565
1764796500000,93002.80,93282.00,92962.00,93229.10,943.191
1764797400000,93229.20,93446.10,93193.50,93435.10,1028.340
1764798300000,93435.10,93725.00,93311.50,93645.00,1729.969
1764799200000,93645.00,93779.80,93383.10,93635.90,1821.298
1764800100000,93635.90,93660.60,93307.30,93353.90,868.516
1764801000000,93353.90,93690.00,93232.80,93529.00,1199.779
1764801900000,93529.00,94185.00,93529.00,93738.40,3471.082
1764802800000,93738.50,94061.20,93606.60,93710.90,2588.816
1764803700000,93710.90,93736.10,93516.40,93593.70,1227.836
1764804600000,93593.70,93600.00,93374.00,93466.80,1150.089
1764805500000,93466.80,93601.00,93297.80,93376.70,1023.479
1764806400000,93376.80,93431.80,92892.30,92899.10,2304.342
1764807300000,92899.00,93063.70,92686.30,92784.50,2035.564
1764808200000,92784.60,93037.10,92628.00,93000.00,1411.196
1764809100000,93000.00,93125.10,92850.00,93013.90,1466.426
1764810000000,93013.90,93699.10,92940.40,93659.20,2028.699
1764810900000,93659.30,93725.00,93173.00,93332.90,1999.555
1764811800000,93333.00,93514.40,93294.10,93398.40,727.961
1764812700000,93398.30,93434.80,93121.90,93150.00,870.523
1764813600000,93150.00,93675.40,93072.80,93639.10,1491.003
1764814500000,93639.00,94040.00,93581.90,93760.00,3214.494
1764815400000,93760.00,93954.70,93571.40,93830.20,1091.465
1764816300000,93830.20,93952.80,93700.00,93896.10,967.606
1764817200000,93896.10,94038.80,93747.10,93757.80,1173.649
1764818100000,93757.90,93770.50,93513.20,93574.70,1352.937
1764819000000,93574.60,93599.90,93351.00,93429.10,1658.347
1764819900000,93429.20,93575.70,93374.70,93499.90,707.549
1764820800000,93500.00,93549.20,93300.00,93422.10,827.124
1764821700000,93422.20,93479.70,93275.10,93358.20,640.029
1764822600000,93358.20,93480.00,93255.60,93336.30,608.092
1764823500000,93336.30,93343.00,93170.00,93317.80,800.781
1764824400000,93317.80,93339.70,92985.00,93152.90,1347.806
1764825300000,93153.00,93232.70,92950.00,93168.50,965.213
1764826200000,93168.50,93181.30,92910.20,92917.60,802.830
1764827100000,92917.80,92960.80,92737.00,92932.40,1621.752
1764828000000,92932.40,93026.50,92800.10,92988.90,724.141
1764828900000,92988.90,93216.00,92963.70,93166.10,1938.340
1764829800000,93166.10,93333.00,93072.80,93095.00,1614.887
1764830700000,93095.10,93161.80,92965.80,93103.10,827.321
1764831600000,93103.00,93128.40,92852.40,93016.70,923.090
1764832500000,93016.60,93133.00,92958.70,93064.80,755.881
1764833400000,93064.80,93263.10,93061.10,93238.60,669.762
1764834300000,93238.50,93386.60,93170.00,93358.60,934.400
1764835200000,93358.50,93578.40,93012.00,93113.70,1739.107
1764836100000,93113.70,93206.50,93062.20,93094.30,658.741
1764837000000,93094.20,93350.00,93002.50,93299.90,597.084
1764837900000,93299.90,93357.00,93102.00,93220.70,644.617
1764838800000,93220.70,93600.00,93217.50,93333.10,2313.119
1764839700000,93333.10,93360.00,93201.00,93335.90,602.458
1764840600000,93336.00,93471.20,93302.20,93442.40,489.278
1764841500000,93442.50,93582.30,93367.70,93408.60,768.326
1764842400000,93408.60,93531.70,93327.50,93371.60,1072.693
1764843300000,93371.50,93371.60,93218.30,93272.20,596.404
1764844200000,93272.10,93349.00,93167.60,93262.40,684.860
1764845100000,93262.40,93351.20,93111.10,93210.70,678.762
1764846000000,93210.70,93269.50,93132.30,93190.30,510.621
1764846900000,93190.20,93215.00,92939.70,92950.20,1152.436
1764847800000,92950.10,92986.00,92666.10,92804.00,2910.363
1764848700000,92804.00,92955.40,92738.00,92894.90,906.398
1764849600000,92894.90,93000.00,92858.70,92904.00,642.311
1764850500000,92903.90,92973.20,92725.40,92812.00,913.261
1764851400000,92812.00,93139.00,92801.00,93040.00,1053.673
1764852300000,93040.00,93155.00,92893.70,92947.90,782.160
1764853200000,92947.80,93011.40,92411.00,92503.80,3436.598
1764854100000,92503.70,92820.00,92503.70,92742.40,1535.450
1764855000000,92742.40,92921.10,92610.30,92714.30,1583.204
1764855900000,92714.30,92724.70,92366.00,92480.40,2741.718
1764856800000,92480.40,92665.00,92450.60,92614.70,1067.995
1764857700000,92614.60,92788.10,92558.70,92749.90,859.818
1764858600000,92749.90,92750.00,92350.00,92530.50,2518.384
1764859500000,92530.50,92599.70,91762.00,91859.40,7128.669
1764860400000,91859.30,92661.00,91845.80,92612.80,4395.489
1764861300000,92612.80,92866.00,92294.50,92536.50,3472.344
1764862200000,92536.50,93256.30,92397.00,93003.10,4514.120
1764863100000,93003.10,93068.70,92681.80,92933.50,2100.034
1764864000000,92933.40,92975.40,92433.50,92768.50,2028.302
1764864900000,92768.10,93143.40,92745.50,92869.10,1733.289
1764865800000,92869.00,92869.00,92416.60,92485.80,3091.636
1764866700000,92485.80,92696.40,92220.00,92390.00,2021.245
1764867600000,92389.90,92500.00,92029.00,92222.90,2017.298
1764868500000,92222.80,92263.60,92008.00,92083.40,1109.070
1764869400000,92083.40,92268.70,91700.00,91949.30,2759.887
1764870300000,91949.20,92432.50,91827.40,92384.50,2508.475
1764871200000,92384.60,92407.50,92135.40,92332.60,1137.723
1764872100000,92332.50,92505.00,92109.10,92416.80,821.122
1764873000000,92416.80,92516.80,91914.00,91979.10,1172.669
1764873900000,91979.00,92188.80,91909.80,92093.40,1561.342
1764874800000,92093.40,92140.50,91233.40,91243.00,4167.076
1764875700000,91243.00,91515.80,90822.50,91304.90,6908.924
1764876600000,91305.00,91945.50,91246.00,91896.00,3945.797
1764877500000,91896.10,92092.40,91781.20,91941.50,1498.965
1764878400000,91941.50,92180.00,91649.80,91966.80,2319.412
1764879300000,91966.70,92186.40,91841.20,91954.00,1059.197
1764880200000,91954.00,92316.80,91907.50,92277.00,1026.588
1764881100000,92277.00,92500.00,92226.30,92431.70,1529.037
1764882000000,92431.80,92676.80,92316.50,92404.60,1375.838
1764882900000,92404.60,92534.30,92254.50,92254.60,650.520
1764883800000,92254.50,92322.00,92169.00,92200.00,587.795
1764884700000,92200.00,92207.90,92036.10,92111.20,598.640
1764885600000,92111.20,92337.40,92111.20,92257.50,461.242
1764886500000,92257.50,92320.30,92103.20,92149.90,394.299
1764887400000,92149.90,92429.80,92149.90,92417.70,668.754
1764888300000,92417.70,92458.30,92280.50,92295.50,358.693
1764889200000,92295.50,92419.60,92200.60,92271.90,386.953
1764890100000,92271.90,92349.60,92167.40,92182.70,287.712
1764891000000,92182.70,92265.30,92030.10,92077.00,508.027
1764891900000,92077.00,92129.40,92022.30,92034.70,503.640
1764892800000,92034.70,92242.60,92015.00,92039.20,651.969
1764893700000,92039.10,92444.00,92039.10,92286.50,654.709
1764894600000,92286.50,92392.00,92238.00,92359.30,393.097
1764895500000,92359.30,92367.70,92188.60,92259.90,338.832
1764896400000,92259.80,92471.30,92188.80,92314.90,601.998
1764897300000,92314.90,92566.00,92310.80,92460.70,647.717
1764898200000,92460.60,92500.00,92329.00,92410.60,621.725
1764899100000,92410.60,92457.50,92300.70,92322.20,484.695
1764900000000,92322.10,92404.30,92215.00,92404.30,507.982
1764900900000,92404.30,92593.10,92379.30,92527.30,704.753
1764901800000,92527.40,92665.50,92425.00,92611.90,860.116
1764902700000,92612.00,92612.00,92444.00,92476.10,524.965
1764903600000,92476.10,92625.00,92450.20,92517.20,536.130
1764904500000,92517.30,92524.10,92302.30,92360.60,729.278
1764905400000,92360.60,92384.90,92272.40,92284.70,467.506
1764906300000,92284.80,92300.00,91917.70,92104.90,2231.380
1764907200000,92104.80,92318.10,92087.50,92265.30,745.220
1764908100000,92265.30,92350.00,92124.00,92149.30,711.134
1764909000000,92149.30,92149.40,91786.50,91814.50,1941.359
1764909900000,91814.50,92047.00,91750.60,91985.50,1095.833
1764910800000,91985.60,92164.50,91952.20,92088.80,644.297
1764911700000,92088.90,92126.00,91869.50,91930.90,702.066
1764912600000,91930.90,91995.70,91829.60,91989.90,433.922
1764913500000,91989.90,91996.80,91850.00,91902.60,470.549
1764914400000,91902.70,92116.40,91865.30,92051.10,968.935
1764915300000,92051.00,92067.60,91962.00,91993.50,335.178
1764916200000,91993.40,92065.70,91890.40,92063.30,332.205
1764917100000,92063.30,92244.80,92052.00,92235.60,755.015
1764918000000,92235.60,92420.10,92158.50,92296.20,849.743
1764918900000,92296.20,92455.40,92279.40,92407.00,818.479
1764919800000,92407.10,92416.10,92242.90,92270.10,739.262
1764920700000,92270.10,92306.70,92162.80,92227.50,763.142
1764921600000,92227.60,92227.60,92020.50,92061.40,687.447
1764922500000,92061.30,92132.20,91970.00,92018.30,578.984
1764923400000,92018.40,92059.80,91857.60,91984.10,841.022
1764924300000,91984.00,92120.00,91961.70,92080.00,467.265
1764925200000,92079.90,92080.00,91801.30,91825.20,1094.534
1764926100000,91825.20,91840.00,91250.00,91302.40,3292.737
1764927000000,91302.50,91432.90,90940.40,91014.30,3337.170
1764927900000,91014.30,91125.30,90965.00,91086.40,2246.243
1764928800000,91086.40,91291.10,91042.80,91200.10,2139.151
1764929700000,91200.00,91427.40,91171.40,91315.60,1250.528
1764930600000,91315.60,91456.80,91235.70,91443.70,928.332
1764931500000,91443.60,91443.70,91219.20,91240.10,758.968
1764932400000,91240.00,91499.90,91193.10,91476.00,882.312
1764933300000,91476.10,91527.30,91259.50,91370.20,798.848
1764934200000,91370.20,91378.40,91081.10,91093.00,1465.106
1764935100000,91093.00,91368.00,91086.90,91307.90,783.395
1764936000000,91308.00,91388.70,91156.00,91213.20,868.031
1764936900000,91213.10,91309.30,91015.70,91177.20,816.446
1764937800000,91177.30,91253.00,91083.40,91133.90,513.562
1764938700000,91133.90,91221.80,91087.20,91194.60,363.326
1764939600000,91194.60,91319.90,91011.00,91068.90,1133.694
1764940500000,91068.90,91081.40,90532.70,90773.10,4186.909
1764941400000,90773.20,90886.00,90253.00,90382.60,4543.886
1764942300000,90382.60,90653.90,90195.30,90433.60,3803.638
1764943200000,90433.60,90706.60,90415.20,90468.00,2287.322
1764944100000,90467.90,90505.60,90259.60,90400.00,2043.155
1764945000000,90400.00,90665.90,89863.00,90168.10,6699.314
1764945900000,90168.10,90481.60,89930.00,90246.00,4160.919
1764946800000,90246.00,91445.20,90246.00,90994.60,13332.851
1764947700000,90994.60,91179.00,90808.90,91171.60,2734.651
1764948600000,91171.70,91342.60,90850.00,90977.70,2718.109
1764949500000,90977.70,91119.80,90210.60,90414.00,5085.331
1764950400000,90413.90,90460.00,89199.00,89329.60,9049.606
1764951300000,89329.70,89329.70,88808.50,89020.40,9485.682
1764952200000,89020.30,89095.30,87976.30,88337.30,13198.263
1764953100000,88337.40,88999.90,88273.50,88757.50,7587.173
1764954000000,88757.60,88950.00,88558.80,88634.50,2651.361
1764954900000,88634.40,89005.50,88613.70,88714.70,2057.425
1764955800000,88714.60,89139.40,88640.60,88978.60,2831.046
1764956700000,88978.60,89509.60,88900.00,89279.30,3616.933
1764957600000,89279.30,89750.60,89184.60,89551.20,3006.496
1764958500000,89551.30,89618.90,89138.80,89349.30,2673.508
1764959400000,89349.30,89450.00,88961.80,89062.20,1822.489
1764960300000,89062.10,89169.40,88839.00,88894.90,1501.757
1764961200000,88895.00,89157.20,88773.60,89078.60,2043.267
1764962100000,89078.50,89489.70,88972.60,89388.10,2263.330
1764963000000,89388.10,89600.00,89278.30,89426.90,1075.899
1764963900000,89427.00,89762.00,89303.20,89590.50,1582.972
1764964800000,89590.50,89662.70,89311.10,89633.60,1280.706
1764965700000,89633.70,89706.00,89454.60,89522.60,1057.487
1764966600000,89522.60,89522.60,89180.00,89232.90,1243.824
1764967500000,89232.90,89300.00,89150.00,89267.80,1319.346
1764968400000,89267.80,89440.30,89235.80,89393.00,885.384
1764969300000,89392.90,89448.80,89324.80,89383.50,774.495
1764970200000,89383.50,89431.40,89181.00,89221.80,628.941
1764971100000,89221.70,89265.90,89038.80,89145.10,752.614
1764972000000,89145.10,89161.80,88856.70,88918.70,1332.191
1764972900000,88918.80,89195.80,88918.70,89195.80,543.344
1764973800000,89195.80,89285.50,89003.20,89248.30,525.039
1764974700000,89248.20,89335.50,89176.80,89199.30,348.310
1764975600000,89199.30,89219.30,88900.00,89078.40,732.752
1764976500000,89078.50,89228.20,89038.00,89198.80,335.202
1764977400000,89198.70,89316.80,89187.50,89187.50,430.235
1764978300000,89187.60,89342.00,89172.50,89288.50,381.603
1764979200000,89288.60,89288.60,88986.10,89069.60,828.524
1764980100000,89069.70,89161.40,89015.70,89145.20,727.190
1764981000000,89145.10,89441.90,89123.20,89388.00,860.786
1764981900000,89388.00,89411.10,89315.60,89382.20,451.058
1764982800000,89382.20,89386.00,89255.50,89345.50,515.574
1764983700000,89345.50,89468.30,89313.60,89403.10,502.728
1764984600000,89403.10,89403.10,89160.90,89220.50,643.074
1764985500000,89220.50,89330.30,89180.00,89295.70,352.321
1764986400000,89296.20,89296.20,89130.10,89253.20,807.767
1764987300000,89253.20,89322.90,89180.40,89236.00,421.349
1764988200000,89236.00,89270.10,89159.90,89197.30,263.604
1764989100000,89197.30,89374.90,89197.20,89354.60,372.661
1764990000000,89354.70,89758.00,89350.20,89720.90,1510.638
1764990900000,89720.90,89750.80,89500.50,89508.70,965.615
1764991800000,89508.60,89700.00,89480.60,89626.40,545.081
1764992700000,89626.50,89700.00,89614.80,89636.50,430.245
1764993600000,89636.50,89670.00,89468.40,89532.40,426.143
1764994500000,89532.30,89616.20,89500.00,89579.00,558.851
1764995400000,89578.90,89618.40,89507.30,89537.30,411.944
1764996300000,89537.30,89650.00,89522.10,89612.20,424.135
1764997200000,89612.30,89696.70,89612.20,89659.80,274.283
1764998100000,89659.70,89659.80,89506.20,89565.60,504.987
1764999000000,89565.50,89565.60,89484.20,89500.60,320.521
1764999900000,89500.70,89606.70,89495.00,89556.70,271.159
1765000800000,89556.70,89640.00,89476.20,89633.30,432.241
1765001700000,89633.20,89732.40,89570.00,89700.50,528.939
1765002600000,89700.50,89711.60,89600.30,89610.60,258.975
1765003500000,89610.60,89659.90,89582.20,89643.10,191.425
1765004400000,89643.10,89658.70,89599.10,89638.90,258.607
1765005300000,89639.00,89655.80,89523.90,89523.90,323.623
1765006200000,89523.90,89618.20,89410.80,89596.00,498.545
1765007100000,89596.10,89680.20,89530.60,89549.60,371.449
1765008000000,89549.50,89565.80,89500.00,89502.00,290.362
1765008900000,89502.00,89608.00,89230.00,89248.00,1283.470
1765009800000,89248.10,89389.20,89165.90,89354.80,1280.154
1765010700000,89354.70,89366.80,89214.90,89238.30,556.838
1765011600000,89238.30,89518.40,89220.60,89474.40,912.534
1765012500000,89474.40,89625.00,89451.00,89600.90,736.186
1765013400000,89600.80,89639.30,89460.80,89592.80,565.208
1765014300000,89592.80,89630.50,89528.80,89532.90,271.624
1765015200000,89533.00,89565.60,89454.50,89542.00,430.320
1765016100000,89541.90,89650.00,89476.00,89494.00,341.901
1765017000000,89494.00,89544.20,89470.00,89537.50,221.543
1765017900000,89537.50,89540.00,89421.90,89466.00,294.986
1765018800000,89466.00,89540.00,89451.40,89461.50,243.235
1765019700000,89461.50,89563.10,89461.50,89530.20,282.693
1765020600000,89530.30,89679.00,89516.20,89634.30,557.316
1765021500000,89634.40,89676.90,89561.30,89585.40,390.545
1765022400000,89585.40,89590.00,89512.90,89530.90,324.320
1765023300000,89530.80,89589.90,89520.00,89566.90,221.432
1765024200000,89567.00,89600.00,89516.40,89553.70,206.221
1765025100000,89553.70,89570.70,89518.80,89528.40,238.692
1765026000000,89528.40,89588.00,89528.30,89559.80,285.914
1765026900000,89559.70,89658.90,89541.80,89638.60,281.931
1765027800000,89638.50,89745.60,89584.70,89736.00,941.579
1765028700000,89736.10,89744.40,89597.00,89619.50,516.623
1765029600000,89619.50,89694.30,89603.80,89680.50,456.441
1765030500000,89680.40,90257.30,89680.40,89877.60,4532.622
1765031400000,89877.70,90036.20,89845.70,90010.40,1002.583
1765032300000,90010.40,90148.30,89948.60,89948.60,1036.570
1765033200000,89948.70,89993.20,89763.70,89784.90,1020.291
1765034100000,89784.80,89784.90,89424.20,89588.20,1848.832
1765035000000,89588.20,89870.40,89514.60,89821.30,1264.147
1765035900000,89821.30,89904.40,89661.40,89713.40,609.402
1765036800000,89713.30,89940.30,89693.60,89885.40,663.979
1765037700000,89885.30,89931.30,89804.00,89828.80,424.985
1765038600000,89828.80,89876.70,89738.00,89779.10,513.424
1765039500000,89779.10,89780.90,89619.60,89660.80,377.504
1765040400000,89660.90,89736.30,89577.70,89653.80,552.561
1765041300000,89653.70,89798.00,89584.00,89789.80,436.953
1765042200000,89789.80,89789.80,89601.00,89619.50,358.683
1765043100000,89619.50,89669.60,89558.10,89661.70,293.712
1765044000000,89661.80,89727.80,89584.80,89727.70,326.652
1765044900000,89727.70,89751.90,89650.80,89716.30,211.623
1765045800000,89716.20,89716.30,89591.80,89603.30,238.863
1765046700000,89603.30,89610.00,89475.40,89610.00,425.024
1765047600000,89609.90,89710.10,89280.00,89449.10,1513.908
1765048500000,89449.20,89531.70,89318.70,89519.00,702.872
1765049400000,89519.00,89523.30,89203.00,89401.00,1303.599
1765050300000,89401.00,89436.60,89327.70,89369.40,279.103
1765051200000,89369.50,89465.90,89277.90,89356.00,428.986
1765052100000,89355.90,89420.50,89340.30,89420.40,212.096
1765053000000,89420.40,89527.40,89390.00,89498.90,344.050
1765053900000,89498.80,89519.40,89461.80,89509.50,169.600
1765054800000,89509.40,89578.30,89430.30,89451.60,322.144
1765055700000,89451.70,89476.30,89351.70,89394.00,233.444
1765056600000,89393.90,89531.40,89354.60,89427.50,235.019
1765057500000,89427.50,89458.60,89373.40,89377.30,165.713
1765058400000,89377.20,89468.40,89239.80,89468.40,462.769
1765059300000,89468.40,89487.80,89311.10,89311.20,345.837
1765060200000,89311.10,89393.70,89299.40,89299.50,236.554
1765061100000,89299.40,89318.20,89212.30,89245.10,360.936
1765062000000,89245.10,89293.40,88891.80,89128.80,2151.479
1765062900000,89128.80,89183.40,88870.10,88983.70,1722.113
1765063800000,88983.70,89143.80,88964.10,89050.00,610.969
1765064700000,89050.00,89228.70,89046.40,89197.10,501.156
1765065600000,89197.10,89342.50,89137.60,89150.10,580.992
1765066500000,89150.00,89333.30,89131.50,89317.80,343.305
1765067400000,89317.70,89520.00,89313.30,89455.70,610.403
1765068300000,89455.60,89484.10,89354.20,89354.30,452.694
1765069200000,89354.30,89487.00,89354.20,89445.40,307.781
1765070100000,89445.50,89543.80,89368.60,89420.00,273.878
1765071000000,89419.90,89449.80,89337.90,89356.70,262.765
1765071900000,89356.60,89409.60,89251.00,89251.00,335.064
1765072800000,89251.00,89387.40,89251.00,89330.70,213.490
1765073700000,89330.60,89471.20,89330.60,89400.10,253.442
1765074600000,89400.00,89420.00,89342.30,89409.00,190.193
1765075500000,89409.00,89656.20,89408.90,89580.10,573.229
1765076400000,89580.10,89600.00,89505.60,89547.50,307.893
1765077300000,89547.50,89564.20,89508.20,89535.10,167.429
1765078200000,89535.10,89695.10,89516.10,89657.90,461.481
1765079100000,89657.80,89704.50,89626.70,89675.60,414.346
1765080000000,89675.70,89750.00,89627.50,89650.00,486.211
1765080900000,89649.90,89650.00,89570.70,89585.40,295.337
1765081800000,89585.40,89586.10,89439.60,89517.90,663.795
1765082700000,89517.90,89533.40,89469.50,89495.20,177.267
1765083600000,89495.20,89525.60,89380.80,89427.20,418.913
1765084500000,89427.20,89452.00,89380.00,89434.90,222.860
1765085400000,89434.80,89489.00,89426.30,89487.70,154.783
1765086300000,89487.80,89511.70,89421.50,89469.20,384.408
1765087200000,89469.20,89586.00,89443.90,89531.70,358.437
1765088100000,89531.60,89645.50,89492.60,89616.60,311.224
1765089000000,89616.60,89646.00,89608.00,89619.90,188.669
1765089900000,89619.90,89668.10,89532.00,89668.10,236.985
1765090800000,89668.10,89697.70,89374.10,89430.20,547.330
1765091700000,89430.10,89445.60,89280.00,89354.20,663.313
1765092600000,89354.10,89354.20,89164.50,89206.10,783.765
1765093500000,89206.20,89374.40,89155.00,89337.10,660.299
1765094400000,89337.10,89337.10,89151.00,89178.50,356.777
1765095300000,89178.60,89335.50,89140.30,89318.60,563.608
1765096200000,89318.50,89494.40,89295.30,89430.60,677.420
1765097100000,89430.60,89430.60,89231.60,89269.40,502.112
1765098000000,89269.40,89337.60,89240.00,89337.50,210.637
1765098900000,89337.60,89360.00,89055.10,89141.20,742.139
1765099800000,89141.10,89229.10,89122.70,89137.40,434.889
1765100700000,89137.40,89163.90,89012.90,89070.00,820.557
1765101600000,89070.10,89264.70,89061.50,89264.70,700.558
1765102500000,89264.70,89264.70,89144.20,89164.80,456.509
1765103400000,89164.80,89316.30,89069.50,89260.60,575.481
1765104300000,89260.60,89359.30,89188.20,89195.50,507.594
1765105200000,89195.60,89237.20,89150.00,89215.70,380.208
1765106100000,89215.70,89234.90,89134.80,89134.80,228.619
1765107000000,89134.80,89215.40,89134.80,89176.10,220.475
1765107900000,89176.10,89176.10,89101.50,89109.40,281.441
1765108800000,89109.30,89289.80,89074.60,89244.20,506.172
1765109700000,89244.30,89312.60,89168.80,89226.30,323.085
1765110600000,89226.30,89278.00,89217.10,89277.00,191.329
1765111500000,89277.00,89557.90,89276.90,89428.80,1165.333
1765112400000,89428.80,89472.00,89243.50,89284.00,634.281
1765113300000,89284.10,89316.70,88476.00,88884.10,3816.535
1765114200000,88884.00,89022.00,88828.00,88925.30,1183.014
1765115100000,88925.30,89077.00,88867.30,89011.00,903.407
1765116000000,89011.00,89069.50,88750.00,88767.10,995.275
1765116900000,88767.20,88825.90,87780.00,87881.30,8803.713
1765117800000,87881.40,88346.30,87688.00,88200.80,6123.116
1765118700000,88200.90,88347.80,88047.90,88187.50,1411.349
1765119600000,88187.50,89050.00,88129.70,88831.20,5429.367
1765120500000,88831.30,88930.70,88610.30,88703.00,1877.783
1765121400000,88703.00,89038.10,88703.00,88876.00,1677.510
1765122300000,88875.90,89700.00,88860.60,89505.00,6284.292
1765123200000,89505.00,89505.00,89128.10,89184.60,2875.578
1765124100000,89184.70,89420.00,89065.20,89285.90,1106.331
1765125000000,89285.80,89523.00,89203.00,89419.60,1003.416
1765125900000,89419.70,89880.00,89326.90,89849.30,1524.044
1765126800000,89849.30,89900.00,89565.20,89840.00,2773.087
1765127700000,89840.00,90716.00,89800.20,90669.70,6456.442
1765128600000,90669.80,91261.00,90655.00,90812.70,6195.801
1765129500000,90812.70,91100.10,90682.90,90904.20,2343.070
1765130400000,90904.20,91449.70,90904.10,91282.60,2982.326
1765131300000,91282.50,91668.00,91276.20,91533.60,2363.647
1765132200000,91533.60,91722.00,91289.00,91337.40,2545.115
1765133100000,91337.30,91488.50,91189.80,91327.60,1545.157
1765134000000,91327.70,91503.40,91206.10,91478.60,1046.844
1765134900000,91478.70,91487.50,91191.20,91219.00,712.227
1765135800000,91219.00,91364.00,91170.20,91331.80,610.194
1765136700000,91331.90,91379.80,91240.20,91379.70,512.995
1765137600000,91379.80,91434.60,91263.10,91315.00,573.887
1765138500000,91315.10,91450.00,91293.30,91393.10,499.432
1765139400000,91393.20,91473.20,91281.40,91448.50,364.130
1765140300000,91448.40,91455.00,91320.00,91392.00,261.075
1765141200000,91392.10,91392.10,91206.20,91255.00,508.799
1765142100000,91255.00,91255.00,90750.00,90836.60,1879.428
1765143000000,90836.60,90990.80,90424.10,90488.30,1779.362
1765143900000,90488.40,90506.70,89806.00,90189.20,4733.100
1765144800000,90189.20,90189.30,88890.00,89328.00,7658.378
1765145700000,89328.00,89700.00,89166.10,89648.10,2387.525
1765146600000,89648.00,90204.80,89586.20,90040.50,2830.361
1765147500000,90040.60,90150.00,89280.00,89551.80,2596.501
1765148400000,89551.70,89798.40,89473.40,89684.90,1948.985
1765149300000,89684.90,90030.60,89684.90,90009.10,1317.644
1765150200000,90009.00,90009.10,89768.00,89880.70,666.690
1765151100000,89880.70,90444.40,89870.50,90345.40,1703.868
1765152000000,90345.40,90364.50,90004.00,90023.60,1590.010
1765152900000,90023.50,90253.00,89806.40,90203.70,1311.624
1765153800000,90203.80,90572.20,90170.00,90267.80,1277.159
1765154700000,90267.90,90420.00,90168.50,90302.70,695.545
1765155600000,90302.60,90736.20,90255.80,90630.00,1272.455
1765156500000,90630.00,91222.90,90527.30,91091.00,1813.798
1765157400000,91091.00,91650.00,91091.00,91214.60,3601.096
1765158300000,91214.50,91232.10,90771.30,90869.10,1824.036
1765159200000,90869.00,90999.20,90737.50,90911.60,1178.320
1765160100000,90911.60,91065.40,90866.70,90979.50,593.270
1765161000000,90979.40,91195.20,90922.10,91168.00,1314.472
1765161900000,91167.90,91415.60,91039.80,91327.00,1622.397
1765162800000,91327.00,91383.00,91070.90,91117.20,706.407
1765163700000,91117.20,91350.00,91079.80,91212.10,498.453
1765164600000,91212.10,91250.00,90965.50,90983.20,888.665
1765165500000,90983.20,91104.00,90947.00,91039.40,463.676
1765166400000,91039.30,91143.20,90979.20,91073.50,354.144
1765167300000,91073.60,91317.70,91045.20,91212.10,446.913
1765168200000,91212.20,91444.10,91116.00,91182.00,974.648
1765169100000,91182.00,91261.70,91106.10,91247.70,497.767
1765170000000,91247.80,91247.80,91006.30,91074.30,803.019
1765170900000,91074.30,91349.10,91022.70,91242.80,774.301
1765171800000,91242.90,91410.00,91242.80,91305.10,620.377
1765172700000,91305.10,91383.10,91265.20,91290.60,527.721
1765173600000,91290.60,91400.00,91205.50,91340.20,612.568
1765174500000,91340.10,91413.90,91298.30,91405.60,443.349
1765175400000,91405.60,91575.50,91405.60,91535.90,1036.376
1765176300000,91536.00,91612.90,91364.40,91434.60,1020.204
1765177200000,91434.60,91505.70,91310.20,91400.00,792.260
1765178100000,91400.00,91700.00,91370.70,91660.00,991.942
1765179000000,91659.90,91868.00,91574.00,91615.20,1870.390
1765179900000,91615.00,91615.00,91430.30,91519.80,1211.779
1765180800000,91519.80,91563.10,91433.60,91550.30,680.349
1765181700000,91550.40,91676.60,91550.30,91652.70,693.892
1765182600000,91652.80,91794.80,91549.50,91777.50,703.296
1765183500000,91777.40,91906.60,91661.80,91782.10,1068.522
1765184400000,91782.00,92262.60,91741.60,92030.00,4249.764
1765185300000,92030.00,92038.00,91872.90,91929.80,952.799
1765186200000,91929.70,92027.50,91858.10,91949.30,620.392
1765187100000,91949.30,91949.40,91860.00,91865.30,494.484
1765188000000,91865.30,92056.80,91756.10,91979.70,1189.040
1765188900000,91979.70,92016.00,91903.00,92000.10,577.393
1765189800000,92000.00,92162.70,91912.90,92160.10,1284.199
1765190700000,92160.00,92181.80,92079.00,92085.80,532.732
1765191600000,92085.80,92113.10,91936.30,92097.40,639.163
1765192500000,92097.40,92139.90,91979.90,91988.90,489.392
1765193400000,91988.80,91988.80,91806.10,91880.30,1114.903
1765194300000,91880.30,91963.10,91839.50,91923.50,778.128
1765195200000,91923.60,91948.40,91729.40,91739.90,1520.437
1765196100000,91740.00,91886.10,91724.80,91824.90,825.424
1765197000000,91824.80,91888.00,91627.80,91713.60,1429.818
1765197900000,91713.60,91819.10,91700.00,91729.50,653.052
1765198800000,91729.40,92106.40,91664.90,91765.50,2648.865
1765199700000,91765.50,91826.60,91488.00,91623.20,2280.696
1765200600000,91623.10,91663.60,91231.70,91622.50,2680.218
1765201500000,91622.50,91711.00,91350.20,91424.00,1703.269
1765202400000,91424.00,91575.70,91355.50,91503.10,1117.442
1765203300000,91503.10,91530.40,91111.00,91329.50,2502.105
1765204200000,91329.50,91753.00,90723.00,91481.70,9031.192
1765205100000,91481.70,91655.00,90741.40,90809.00,5020.506
1765206000000,90809.10,90970.60,90051.10,90192.60,6807.275
1765206900000,90192.60,90480.00,89608.50,89933.10,7883.000
1765207800000,89933.10,90148.50,89553.80,89644.50,5430.582
1765208700000,89644.40,90235.30,89602.70,89912.60,5505.315
1765209600000,89912.70,90045.40,89629.10,89906.80,3532.512
1765210500000,89906.80,90400.10,89800.50,90249.80,3062.549
1765211400000,90249.70,90438.80,90048.00,90232.50,2387.884
1765212300000,90232.60,90232.60,89700.00,89929.20,2373.553
1765213200000,89929.30,90191.50,89716.10,90083.50,2058.932
1765214100000,90083.40,90176.00,89793.10,89909.40,1373.014
1765215000000,89909.30,90058.50,89641.90,89807.90,1962.741
1765215900000,89807.90,90300.00,89705.80,90212.10,1994.197
1765216800000,90212.10,90399.00,90133.90,90266.70,2182.011
1765217700000,90266.70,90471.60,90057.20,90100.00,1994.803
1765218600000,90100.00,90380.00,89927.70,90380.00,1379.937
1765219500000,90380.00,90471.10,89676.00,89873.50,1808.277
1765220400000,89873.50,90159.60,89805.40,90020.00,1427.265
1765221300000,90019.90,90150.00,89907.20,90074.80,744.806
1765222200000,90074.70,90285.40,90011.10,90122.80,808.556
1765223100000,90122.90,90326.10,89992.80,90073.60,624.515
1765224000000,90073.70,90452.60,90073.70,90310.90,1047.498
1765224900000,90310.90,90592.10,90253.40,90400.10,1303.014
1765225800000,90400.00,90575.20,90261.80,90556.10,1004.637
1765226700000,90556.10,90877.10,90533.10,90745.70,2181.838
1765227600000,90745.70,90934.70,90618.00,90709.30,1097.381
1765228500000,90709.30,91034.50,90691.70,90980.10,818.643
1765229400000,90980.00,91227.80,90980.00,91104.60,1484.906
1765230300000,91104.70,91338.20,91039.10,91258.20,1536.865
1765231200000,91258.10,91333.00,90878.40,90940.70,801.008
1765232100000,90940.80,91015.00,90802.60,90931.80,580.590
1765233000000,90931.70,91019.40,90707.80,90724.70,756.936
1765233900000,90724.70,90899.70,90675.00,90788.60,496.148
1765234800000,90788.60,90975.00,90739.60,90759.90,713.409
1765235700000,90760.00,90831.50,90439.30,90679.00,1280.329
1765236600000,90678.90,90746.40,90544.00,90587.00,529.583
1765237500000,90587.00,90614.70,90513.00,90610.80,389.617
1765238400000,90610.80,90737.30,90556.30,90712.90,691.427
1765239300000,90712.90,90810.80,90650.00,90650.10,1152.573
1765240200000,90650.10,90650.10,90352.40,90407.50,923.003
1765241100000,90407.60,90478.40,90315.00,90359.40,653.653
1765242000000,90359.50,90481.80,90203.40,90443.20,903.998
1765242900000,90443.10,90537.20,90125.40,90178.10,966.727
1765243800000,90178.20,90231.80,89965.70,90014.50,1374.821
1765244700000,90014.50,90076.30,89922.40,90017.90,713.692
1765245600000,90017.90,90226.30,89933.70,90085.20,741.095
1765246500000,90085.10,90338.50,90066.60,90259.60,675.208
1765247400000,90259.50,90300.00,90150.00,90211.50,495.945
1765248300000,90211.50,90281.40,90012.60,90026.10,396.395
1765249200000,90026.10,90122.60,89938.40,89950.80,858.800
1765250100000,89950.90,90083.00,89774.10,90007.20,2264.390
1765251000000,90007.20,90385.20,89988.50,90316.10,1831.885
1765251900000,90316.20,90412.80,90259.60,90364.00,996.276
1765252800000,90364.10,90472.90,90344.00,90414.90,556.195
1765253700000,90414.90,90466.10,90280.00,90368.10,365.582
1765254600000,90368.00,90368.10,89653.50,89883.00,4393.532
1765255500000,89883.00,89922.40,89782.70,89875.40,790.792
1765256400000,89875.30,89928.30,89654.70,89734.30,845.636
1765257300000,89734.30,89848.40,89368.90,89821.20,3451.645
1765258200000,89821.20,90172.90,89810.00,90070.80,3361.703
1765259100000,90070.90,90140.00,89820.70,89857.60,877.481
1765260000000,89857.70,90078.80,89842.60,89919.30,591.724
1765260900000,89919.20,90009.20,89760.00,89836.80,830.811
1765261800000,89836.80,89907.70,89744.00,89903.40,512.673
1765262700000,89903.40,90200.00,89864.90,90124.80,966.353
1765263600000,90124.80,90266.20,90048.50,90064.40,966.146
1765264500000,90064.50,90399.90,90064.40,90322.60,989.840
1765265400000,90322.60,90479.80,90296.40,90426.50,951.964
1765266300000,90426.40,90485.80,90396.00,90449.90,458.772
1765267200000,90449.90,90519.50,90413.10,90460.90,661.240
1765268100000,90460.90,90568.00,90460.80,90476.00,627.022
1765269000000,90476.00,90487.00,90301.00,90487.00,1273.218
1765269900000,90487.00,90584.80,90431.10,90459.10,690.244
1765270800000,90459.00,90461.70,90267.00,90398.40,1021.944
1765271700000,90398.40,90430.90,90236.40,90271.70,697.500
1765272600000,90271.80,90328.00,90114.80,90140.70,717.144
1765273500000,90140.70,90189.30,90090.50,90099.90,398.509
1765274400000,90100.00,90182.90,90020.00,90150.00,707.004
1765275300000,90149.90,90184.50,90100.00,90154.10,346.041
1765276200000,90154.10,90307.40,89868.00,90047.70,1151.770
1765277100000,90047.60,90257.30,89977.90,90255.70,679.625
1765278000000,90255.60,90315.20,90164.60,90204.60,633.968
1765278900000,90204.60,90252.60,90089.20,90243.50,376.060
1765279800000,90243.50,90251.70,90172.90,90233.40,422.503
1765280700000,90233.40,90348.90,90214.90,90341.90,585.813
1765281600000,90342.00,90417.30,90276.80,90300.90,850.225
1765282500000,90300.90,90695.60,90300.90,90512.70,2006.941
1765283400000,90512.80,90608.90,90450.00,90587.30,777.807
1765284300000,90587.30,90620.00,90530.00,90532.70,498.570
1765285200000,90532.70,90576.10,90429.90,90452.50,601.794
1765286100000,90452.50,90701.90,90447.60,90650.10,1027.537
1765287000000,90650.00,90820.80,90153.40,90153.40,3471.294
1765287900000,90153.50,90400.00,90122.00,90385.00,1467.761
1765288800000,90385.10,90597.00,90301.10,90372.40,955.535
1765289700000,90372.40,90400.00,90071.50,90225.90,1312.304
1765290600000,90225.80,90533.00,89953.00,90037.60,3025.077
1765291500000,90037.70,90327.20,89991.00,90327.10,2033.153
1765292400000,90327.10,91226.20,90244.80,90568.20,6851.100
1765293300000,90568.20,91291.20,90460.80,91123.70,2749.871
1765294200000,91123.60,92085.50,90951.80,92026.50,7173.979
1765295100000,92027.00,92867.00,91812.60,92676.90,10511.817
1765296000000,92676.90,93490.50,92656.50,93414.50,8579.777
1765296900000,93414.40,93690.10,93245.50,93344.70,6781.070
1765297800000,93344.80,94295.00,93344.80,94203.60,9439.538
1765298700000,94203.70,94439.00,93978.00,94146.80,7127.767
1765299600000,94146.90,94555.00,94146.80,94181.80,6957.587
1765300500000,94181.70,94226.00,93575.30,93717.00,7472.916
1765301400000,93717.00,93908.40,93505.00,93753.90,2304.017
1765302300000,93753.90,93998.80,93717.60,93884.50,1861.590
1765303200000,93884.50,94000.00,93615.80,93916.50,1823.791
1765304100000,93916.50,94128.50,93854.50,94064.60,2409.271
1765305000000,94064.60,94112.40,93840.00,93853.60,980.535
1765305900000,93853.70,93966.00,93668.00,93887.30,1443.587
1765306800000,93887.20,93946.30,93686.50,93895.50,1088.729
1765307700000,93895.40,94041.60,93795.80,93951.00,791.633
1765308600000,93951.00,94221.30,93604.00,93699.20,2038.222
1765309500000,93699.30,93915.50,93671.40,93761.90,923.468
1765310400000,93761.90,93819.10,93530.10,93665.80,1804.958
1765311300000,93666.80,93667.80,92724.60,93031.00,5410.059
1765312200000,93030.90,93246.60,92780.00,92984.40,2312.061
1765313100000,92984.40,93200.00,92920.90,93075.20,1559.493
1765314000000,93075.20,93196.70,92945.50,92954.60,1060.778
1765314900000,92954.60,93139.20,92926.00,93064.60,723.604
1765315800000,93064.60,93116.90,92623.60,92631.30,1816.147
1765316700000,92631.20,92730.00,92199.00,92591.20,4845.140
1765317600000,92591.20,92871.00,92551.70,92598.50,1809.492
1765318500000,92598.50,92659.90,92455.00,92462.40,751.245
1765319400000,92462.50,92953.00,92462.40,92886.50,1203.701
1765320300000,92886.50,92999.50,92707.90,92832.00,872.354
1765321200000,92832.00,92832.00,92500.00,92538.00,959.708
1765322100000,92538.00,92840.90,92517.30,92820.10,750.904
1765323000000,92820.10,92933.00,92758.90,92902.20,658.645
1765323900000,92902.20,92902.20,92616.20,92638.40,513.369
1765324800000,92638.30,92748.20,92600.00,92660.40,680.861
1765325700000,92660.30,92660.30,92235.50,92484.70,1522.589
1765326600000,92484.70,92537.50,92383.20,92453.70,1125.250
1765327500000,92453.80,92500.30,91999.30,92084.50,3521.621
1765328400000,92084.50,92243.90,92050.00,92193.20,948.861
1765329300000,92193.10,92360.00,92130.20,92231.40,868.010
1765330200000,92231.40,92239.20,91900.00,92203.10,1611.198
1765331100000,92203.20,92320.00,92108.00,92269.10,635.723
1765332000000,92269.20,92269.20,91976.30,92186.90,972.353
1765332900000,92186.90,92530.00,92174.80,92456.50,1373.033
1765333800000,92456.50,92474.80,92287.10,92345.40,641.525
1765334700000,92345.40,92477.80,92186.10,92457.60,743.153
1765335600000,92457.60,92519.20,92346.10,92430.00,537.921
1765336500000,92430.00,92430.00,92300.00,92364.70,360.976
1765337400000,92364.80,92450.00,92330.70,92382.00,491.151
1765338300000,92381.90,92474.80,92345.80,92366.00,424.251
1765339200000,92366.00,92483.50,92339.80,92452.60,380.919
1765340100000,92452.70,92628.60,92365.10,92396.70,860.068
1765341000000,92396.70,92595.10,92355.50,92515.40,495.419
1765341900000,92515.40,92586.00,92440.00,92507.30,536.055
1765342800000,92507.40,92603.40,92472.80,92595.90,539.169
1765343700000,92595.90,92695.50,92525.00,92535.30,786.514
1765344600000,92535.20,92607.60,92478.30,92572.30,329.984
1765345500000,92572.30,92594.80,92491.40,92508.60,291.500
1765346400000,92508.50,92564.10,92350.00,92533.40,537.394
1765347300000,92533.50,92546.80,92479.60,92508.10,169.800
1765348200000,92508.20,92645.10,92502.90,92643.90,610.078
1765349100000,92644.00,92700.00,92560.30,92648.00,1001.138
1765350000000,92648.00,92666.00,92487.70,92556.30,877.263
1765350900000,92556.30,92556.40,92446.10,92550.00,400.592
1765351800000,92550.00,92688.60,92482.60,92615.60,512.505
1765352700000,92615.60,92749.80,92557.30,92744.70,737.893
1765353600000,92744.70,92759.00,92592.00,92641.90,797.933
1765354500000,92641.90,92713.60,92611.90,92632.90,427.777
1765355400000,92633.00,92703.20,92500.00,92558.40,576.410
1765356300000,92558.40,92629.10,92525.80,92565.00,382.671
1765357200000,92565.10,92631.10,92514.90,92560.70,350.217
1765358100000,92560.80,92582.00,92377.90,92432.70,819.771
1765359000000,92432.70,92560.00,92432.70,92560.00,327.320
1765359900000,92559.90,92900.00,92553.50,92870.10,1918.177
1765360800000,92870.00,93278.90,92800.00,92940.40,3253.189
1765361700000,92940.30,92950.00,92380.00,92401.00,1925.898
1765362600000,92400.80,92409.50,92088.00,92169.00,2885.673
1765363500000,92169.00,92347.70,92091.00,92230.50,1424.808
1765364400000,92230.40,92396.90,92161.00,92277.30,1168.388
1765365300000,92277.40,92335.60,92231.50,92298.60,545.695
1765366200000,92298.50,92340.00,91777.00,91932.70,3501.382
1765367100000,91932.80,92105.00,91721.00,92085.50,2646.437
1765368000000,92085.40,92177.80,91980.60,92013.60,995.979
1765368900000,92013.50,92065.30,91928.30,91987.90,647.014
1765369800000,91987.90,92090.20,91779.10,91891.80,1046.343
1765370700000,91891.70,92024.40,91785.60,91952.10,877.692
1765371600000,91952.20,92056.90,91903.20,92005.00,823.738
1765372500000,92005.00,92197.30,91955.10,92068.70,1211.317
1765373400000,92068.70,92133.90,91920.10,91993.20,1456.601
1765374300000,91993.20,92061.00,91949.80,92054.60,439.667
1765375200000,92054.50,92073.80,91888.00,91948.20,852.232
1765376100000,91948.20,92040.00,91825.00,91894.80,1298.155
1765377000000,91894.90,92063.80,91770.00,91861.20,1982.092
1765377900000,91861.10,91939.80,91555.80,91794.00,2711.380
1765378800000,91794.00,92124.20,91678.30,92050.20,2326.669
1765379700000,92050.20,92098.80,91805.30,91900.10,1152.993
1765380600000,91900.00,91961.40,91520.00,91827.10,1839.302
1765381500000,91827.00,92048.50,91757.10,92021.80,1100.343
1765382400000,92021.80,92219.10,91846.80,92193.20,1872.791
1765383300000,92193.10,92574.20,92124.20,92441.70,3198.761
1765384200000,92442.00,92451.70,92169.10,92320.70,1684.658
1765385100000,92320.70,92368.20,92045.00,92126.70,1119.688
1765386000000,92126.70,92221.30,92049.40,92189.80,902.644
1765386900000,92189.80,92483.20,92128.40,92274.40,1460.950
1765387800000,92274.40,92406.80,92166.00,92396.70,701.872
1765388700000,92396.60,92461.50,92263.50,92348.80,641.688
1765389600000,92348.70,92462.00,92233.50,92356.00,696.995
1765390500000,92356.00,92395.20,91930.40,92196.30,1899.254
1765391400000,92196.20,93000.00,92160.60,92531.40,5454.058
1765392300000,92531.30,92763.50,92016.00,92448.80,2732.039
1765393200000,92448.80,93223.60,91605.00,92954.80,11056.529
1765394100000,92954.80,93122.20,92235.70,92428.40,4042.885
1765395000000,92428.30,93158.00,92358.40,92538.50,6661.380
1765395900000,92538.40,93077.20,92453.50,92913.80,3667.472
1765396800000,92913.90,94238.70,92589.90,94217.50,9223.051
1765397700000,94217.40,94443.70,93096.00,93533.80,8145.163
1765398600000,93533.80,93787.80,93277.60,93654.00,2359.673
1765399500000,93654.00,93782.30,92182.10,92409.10,7102.758
1765400400000,92409.10,92580.00,91825.00,92229.30,4969.079
1765401300000,92229.30,92533.00,92161.00,92337.10,1382.414
1765402200000,92338.20,92600.10,92113.00,92433.70,1353.707
1765403100000,92433.70,92733.30,92230.50,92308.20,931.826
1765404000000,92308.30,92659.30,92018.00,92153.70,1386.641
1765404900000,92153.80,92416.00,91891.70,92283.60,1498.559
1765405800000,92283.60,92627.80,92070.80,92485.40,1871.647
1765406700000,92485.40,92600.20,92348.70,92472.20,670.676
1765407600000,92472.20,92557.90,92206.50,92279.90,676.548
1765408500000,92280.00,92305.60,92093.10,92093.20,470.018
1765409400000,92093.20,92139.60,91958.00,91961.30,613.971
1765410300000,91961.20,92027.80,91900.00,91977.50,801.355
1765411200000,91977.50,92046.30,91900.10,91987.00,834.321
1765412100000,91987.00,91998.50,91711.00,91731.70,1320.674
1765413000000,91731.80,91758.60,91162.50,91243.10,4591.273
1765413900000,91243.10,91406.60,91011.00,91350.10,2817.127
1765414800000,91350.10,91370.20,90917.80,90935.50,2847.422
1765415700000,90935.50,91071.50,90660.10,91044.00,3408.535
1765416600000,91044.00,91247.30,90852.90,90960.00,1599.147
1765417500000,90959.90,90975.30,90600.00,90637.00,1518.808
1765418400000,90637.00,90637.00,90120.10,90196.00,4115.478
1765419300000,90195.90,90339.10,89888.00,90039.10,3657.121
1765420200000,90039.10,90176.00,89838.00,90025.30,2486.847
1765421100000,90025.40,90121.60,89820.00,90034.40,1809.254
1765422000000,90034.40,90034.40,89321.00,89594.40,4654.608
1765422900000,89594.40,89985.50,89480.00,89700.20,2964.004
1765423800000,89700.30,89850.10,89542.20,89779.90,1794.007
1765424700000,89779.90,89869.30,89705.40,89833.10,1346.404
1765425600000,89833.10,90041.80,89640.40,90001.60,2055.959
1765426500000,90001.50,90080.00,89833.00,89999.10,1557.001
1765427400000,89999.10,90115.00,89950.10,90061.30,1561.866
1765428300000,90061.30,90445.60,89978.60,90386.60,2222.037
1765429200000,90386.60,90386.60,90016.90,90065.90,1181.216
1765430100000,90065.90,90307.70,90050.00,90226.60,892.528
1765431000000,90226.50,90250.00,90121.10,90171.10,517.642
1765431900000,90171.10,90300.00,90150.00,90262.00,459.694
1765432800000,90262.10,90262.10,90180.00,90213.30,452.592
1765433700000,90213.30,90213.30,89914.20,90064.90,1342.057
1765434600000,90064.90,90412.60,90064.90,90274.50,1219.952
1765435500000,90274.40,90308.30,90162.90,90252.10,519.618
1765436400000,90252.00,90287.50,90134.90,90166.80,509.779
1765437300000,90166.80,90255.60,90011.70,90085.60,698.107
1765438200000,90085.60,90195.30,90085.60,90129.40,540.814
1765439100000,90129.30,90232.60,90084.30,90231.40,456.222
1765440000000,90231.30,90232.30,89959.30,90027.10,895.746
1765440900000,90027.10,90172.10,89980.20,90078.80,1019.207
1765441800000,90078.80,90082.70,89931.00,90006.30,726.131
1765442700000,90006.20,90210.00,89964.40,90152.50,726.095
1765443600000,90152.60,90244.30,90101.50,90236.30,811.643
1765444500000,90236.20,90448.00,90217.00,90387.80,1310.685
1765445400000,90387.80,90494.70,90236.00,90282.20,765.318
1765446300000,90282.20,90330.80,90111.00,90196.00,908.172
1765447200000,90196.00,90309.20,90149.70,90303.80,615.174
1765448100000,90303.70,90303.70,90128.70,90223.90,594.135
1765449000000,90224.00,90227.30,90146.30,90148.40,321.711
1765449900000,90148.30,90304.80,90125.70,90279.20,536.846
1765450800000,90279.10,90377.80,90236.90,90310.20,457.475
1765451700000,90310.20,90344.70,90211.90,90216.00,568.028
1765452600000,90216.00,90286.00,90185.50,90216.10,334.473
1765453500000,90216.20,90220.60,90163.90,90195.30,420.323
1765454400000,90195.30,90240.50,90087.90,90137.40,747.045
1765455300000,90137.40,90310.00,90124.00,90269.40,573.023
1765456200000,90269.40,90346.80,90226.60,90235.90,523.018
1765457100000,90235.90,90247.70,89972.20,90000.80,1013.657
1765458000000,90000.70,90100.00,89975.00,90010.00,812.093
1765458900000,90010.00,90092.70,89934.20,90009.10,891.019
1765459800000,90009.10,90103.40,89827.90,90008.70,1387.798
1765460700000,90008.70,90134.60,89915.60,90062.90,772.033
1765461600000,90062.80,90129.00,89990.60,90110.80,887.795
1765462500000,90110.30,90223.80,90088.00,90091.20,1108.305
1765463400000,90091.20,90450.00,89716.20,90231.70,4494.225
1765464300000,90231.80,90293.20,89200.00,89514.50,8728.551
1765465200000,89514.40,90176.30,89363.80,90074.40,4652.311
1765466100000,90074.30,90618.00,89918.70,90202.70,4646.390
1765467000000,90202.60,90239.10,89640.90,89762.20,3282.925
1765467900000,89762.20,89996.40,89597.10,89830.10,2146.894
1765468800000,89830.10,89945.10,89323.30,89356.00,3279.967
1765469700000,89355.60,89649.50,89288.00,89529.20,2135.032
1765470600000,89529.30,90035.60,89422.00,89919.00,2102.275
1765471500000,89919.10,90150.00,89572.20,89704.20,2201.175
1765472400000,89704.20,89884.00,89588.00,89820.30,1182.786
1765473300000,89820.20,90224.90,89775.60,90039.60,2063.709
1765474200000,90039.50,90217.80,89913.30,90033.70,1055.178
1765475100000,90033.60,90118.80,89873.60,89935.60,722.619
1765476000000,89935.30,90375.00,89851.00,90287.90,1987.875
1765476900000,90288.00,90450.00,90187.60,90315.20,1540.154
1765477800000,90315.30,91108.00,90272.00,91108.00,4576.178
1765478700000,91107.90,91150.00,90407.50,90657.90,3814.331
1765479600000,90657.90,90875.00,90531.40,90756.60,1827.572
1765480500000,90756.60,91132.20,90672.60,91070.50,2127.536
1765481400000,91070.60,91499.00,91042.00,91337.80,3392.803
1765482300000,91337.70,91412.00,90700.00,90793.50,2599.107
1765483200000,90793.50,91444.50,90749.60,91306.70,2118.021
1765484100000,91306.80,91397.30,90916.00,91004.90,1438.960
1765485000000,91004.90,91617.70,90971.10,91535.40,3750.767
1765485900000,91535.30,91806.10,91360.50,91740.90,2726.151
1765486800000,91740.90,92568.50,91644.60,92416.40,6319.255
1765487700000,92416.40,93254.70,92416.40,93254.70,7599.270
1765488600000,93254.70,93547.30,92844.50,93140.80,5744.530
1765489500000,93140.90,93220.20,92751.00,92823.60,3031.987
1765490400000,92823.60,93169.30,92823.60,92895.40,1834.357
1765491300000,92895.50,92926.10,92183.90,92301.00,3667.853
1765492200000,92301.00,92666.00,92183.50,92361.40,2143.970
1765493100000,92361.40,92434.20,92050.30,92325.40,1691.570
1765494000000,92325.40,92634.80,92289.80,92468.40,3003.341
1765494900000,92468.40,92627.80,92337.60,92453.30,1649.300
1765495800000,92453.30,92766.60,92423.80,92680.80,1103.040
1765496700000,92680.80,92753.00,92333.50,92477.50,1087.041
1765497600000,92477.60,92532.70,92343.80,92382.80,1349.523
1765498500000,92382.80,92598.70,92301.60,92345.30,1443.504
1765499400000,92345.40,92393.50,92232.00,92268.50,1145.160
1765500300000,92268.50,92342.60,91400.00,91521.00,5110.184
1765501200000,91521.00,91850.00,91482.90,91760.90,2571.154
1765502100000,91760.90,92133.20,91752.40,92051.20,1500.746
1765503000000,92051.10,92277.00,91990.60,92106.80,894.757
1765503900000,92106.80,92215.00,92027.80,92129.30,447.909
1765504800000,92129.30,92450.00,91883.30,92350.40,1695.192
1765505700000,92350.30,92388.00,92200.00,92344.10,1023.101
1765506600000,92344.10,92464.00,92292.20,92388.60,688.249
1765507500000,92388.50,92700.00,92321.40,92542.20,1668.662
1765508400000,92542.20,92719.00,92373.40,92404.40,953.506
1765509300000,92404.40,92416.50,92126.70,92196.40,1171.841
1765510200000,92196.40,92361.90,92170.30,92303.10,711.299
1765511100000,92303.10,92340.70,92202.50,92234.30,439.203
1765512000000,92234.30,92300.10,92160.00,92177.10,559.901
1765512900000,92177.10,92206.10,92088.80,92164.50,897.516
1765513800000,92164.50,92213.90,92133.70,92213.80,515.428
1765514700000,92213.90,92424.30,92184.90,92355.60,872.471
1765515600000,92355.70,92460.00,92146.30,92153.70,1198.252
1765516500000,92153.70,92252.40,92028.40,92089.30,681.180
1765517400000,92089.20,92296.40,92089.20,92288.30,390.836
1765518300000,92288.30,92440.00,92288.30,92404.80,389.471
1765519200000,92404.90,92660.10,92360.90,92656.10,1169.804
1765520100000,92656.00,92685.50,92508.40,92557.90,1016.637
1765521000000,92558.00,92558.00,92460.00,92527.90,441.207
1765521900000,92527.90,92542.20,92416.00,92468.70,325.526
1765522800000,92468.70,92528.40,92446.00,92466.80,557.294
1765523700000,92466.90,92470.00,92322.50,92337.60,673.810
1765524600000,92337.60,92486.20,92213.20,92409.70,943.359
1765525500000,92409.70,92423.00,92331.00,92389.50,568.768
1765526400000,92389.50,92447.00,92304.10,92363.70,695.973
1765527300000,92363.70,92405.00,92126.60,92209.50,1097.023
1765528200000,92209.60,92218.30,92119.40,92180.00,528.407
1765529100000,92180.00,92319.40,92052.90,92311.40,815.283
1765530000000,92311.40,92348.80,92200.00,92300.90,601.277
1765530900000,92300.80,92349.60,92054.00,92071.00,500.799
1765531800000,92071.10,92207.30,92050.00,92139.80,587.581
1765532700000,92139.90,92517.60,92116.00,92481.70,942.041
1765533600000,92481.70,92600.00,92444.70,92521.90,1019.404
1765534500000,92521.90,92522.00,92380.00,92416.90,456.722
1765535400000,92417.00,92435.90,92377.30,92386.00,381.410
1765536300000,92385.90,92540.00,92377.30,92454.70,415.909
1765537200000,92454.70,92454.70,92323.10,92360.20,476.178
1765538100000,92360.20,92361.40,92234.50,92325.00,450.156
1765539000000,92324.90,92380.90,92259.80,92329.70,440.610
1765539900000,92329.60,92381.50,92286.80,92381.50,278.420
1765540800000,92381.40,92381.50,92193.10,92216.30,788.587
1765541700000,92216.30,92254.40,92131.10,92149.60,517.788
1765542600000,92149.50,92201.60,92036.40,92061.90,738.379
1765543500000,92061.80,92391.40,92061.80,92389.90,1050.201
1765544400000,92389.90,92389.90,92265.10,92331.70,472.578
1765545300000,92331.80,92473.70,92220.70,92231.70,880.696
1765546200000,92231.80,92328.30,92196.00,92230.80,642.536
1765547100000,92230.90,92364.40,92222.40,92261.70,297.827
1765548000000,92261.70,92265.60,92154.00,92167.10,608.215
1765548900000,92167.10,92313.70,92066.60,92084.30,995.454
1765549800000,92084.30,92566.00,91851.00,92408.40,4592.109
1765550700000,92408.40,92630.00,92164.90,92393.00,3295.957
1765551600000,92393.00,92407.20,91853.10,91930.00,3726.598
1765552500000,91930.00,91944.00,90788.00,90795.00,10118.258
1765553400000,90795.00,90919.10,90156.50,90497.70,11932.963
1765554300000,90497.60,90714.30,89688.00,89895.00,8547.642
1765555200000,89895.00,90047.20,89600.00,89927.40,7000.265
1765556100000,89927.40,90397.30,89750.70,90360.50,4956.977
1765557000000,90360.60,90360.60,89429.00,89602.70,5313.850
1765557900000,89602.70,90135.10,89563.10,89996.80,3186.372
1765558800000,89996.80,90377.40,89934.00,90292.00,3208.122
1765559700000,90291.90,90584.90,89781.80,89785.80,3843.064
1765560600000,89785.70,90220.00,89777.00,90143.00,1734.975
1765561500000,90143.00,90270.00,89926.20,90043.50,987.080
1765562400000,90043.90,90462.80,89995.60,90268.30,1526.617
1765563300000,90268.30,90512.20,90160.10,90496.80,2116.609
1765564200000,90496.70,90617.70,90350.10,90380.00,2174.488
1765565100000,90380.00,90598.30,90222.10,90323.70,1081.712
1765566000000,90323.80,90359.60,89955.60,89987.20,2160.092
1765566900000,89987.10,90333.00,89987.10,90145.00,1292.319
1765567800000,90145.00,90248.00,90050.20,90077.00,491.968
1765568700000,90077.10,90198.50,90033.50,90147.30,824.013
1765569600000,90147.40,90228.30,89981.50,89981.60,1291.395
1765570500000,89981.60,90241.20,89958.70,89964.60,1223.238
1765571400000,89964.70,90144.00,89843.00,90107.60,1313.793
1765572300000,90107.50,90286.70,90057.20,90160.00,1608.742
1765573200000,90160.00,90314.00,90093.30,90240.00,960.193
1765574100000,90240.10,90249.60,90059.80,90142.00,414.492
1765575000000,90142.10,90267.70,90142.10,90233.00,255.577
1765575900000,90233.00,90261.70,90148.20,90151.00,469.845
1765576800000,90150.90,90357.50,90144.20,90301.10,274.237
1765577700000,90301.10,90340.10,90265.50,90283.70,291.060
1765578600000,90283.70,90320.00,90255.70,90282.70,230.623
1765579500000,90282.80,90300.00,90211.40,90294.50,265.806
1765580400000,90294.70,90341.30,90242.80,90339.70,301.645
1765581300000,90339.70,90341.30,90264.40,90264.40,396.789
1765582200000,90264.40,90333.20,90252.40,90316.90,493.884
1765583100000,90316.90,90317.00,90187.40,90229.60,245.837
1765584000000,90229.70,90398.00,90162.00,90302.90,811.681
1765584900000,90302.90,90366.00,90258.00,90261.50,251.530
1765585800000,90261.50,90299.90,90260.30,90299.90,251.460
1765586700000,90299.90,90311.40,90276.00,90276.90,213.773
1765587600000,90276.90,90321.10,90276.00,90283.10,232.890
1765588500000,90283.10,90309.00,90276.00,90289.20,328.987
1765589400000,90289.30,90289.30,90083.60,90108.80,857.069
1765590300000,90108.90,90193.40,90077.00,90192.20,382.121
1765591200000,90192.10,90282.00,90184.00,90246.80,320.788
1765592100000,90246.90,90276.20,90240.00,90276.10,187.285
1765593000000,90276.10,90276.10,90189.20,90236.70,183.486
1765593900000,90236.70,90243.60,90188.00,90195.00,345.520
1765594800000,90194.90,90255.60,90165.30,90255.60,239.202
1765595700000,90255.60,90320.00,90255.50,90301.50,227.628
1765596600000,90301.60,90432.00,90287.50,90370.20,556.229
1765597500000,90370.20,90390.10,90293.90,90304.00,201.531
1765598400000,90304.10,90319.70,90260.00,90265.10,229.679
1765599300000,90265.00,90329.70,90229.00,90286.70,341.605
1765600200000,90286.60,90360.20,90240.40,90342.30,343.696
1765601100000,90342.20,90379.50,90326.20,90334.80,148.219
1765602000000,90334.80,90350.90,90313.50,90338.60,183.621
1765602900000,90338.60,90340.00,90300.00,90312.90,191.338
1765603800000,90313.00,90325.00,90233.20,90236.60,208.366
1765604700000,90236.70,90301.40,90226.80,90301.30,161.874
1765605600000,90301.40,90320.50,90260.30,90280.50,213.682
1765606500000,90280.40,90280.50,90232.30,90243.00,122.043
1765607400000,90243.10,90308.40,90242.20,90297.90,135.236
1765608300000,90297.80,90339.30,90284.30,90317.40,222.850
1765609200000,90317.50,90323.00,90293.30,90293.30,287.269
1765610100000,90293.30,90347.90,90293.30,90337.40,383.578
1765611000000,90337.40,90362.10,90286.20,90310.60,326.771
1765611900000,90310.50,90320.30,90274.50,90286.10,296.773
1765612800000,90286.00,90320.60,90280.40,90320.60,260.029
1765613700000,90320.60,90536.00,90316.40,90463.20,1757.301
1765614600000,90463.30,90470.10,90323.00,90369.30,739.533
1765615500000,90369.30,90511.10,90353.10,90413.90,424.276
1765616400000,90414.00,90463.30,90402.50,90438.00,250.150
1765617300000,90438.10,90438.10,90383.90,90384.00,271.732
1765618200000,90383.90,90450.00,90343.30,90415.50,249.831
1765619100000,90415.40,90472.70,90338.00,90375.30,336.140
1765620000000,90375.30,90449.40,90366.80,90431.00,239.683
1765620900000,90431.00,90483.40,90429.10,90459.00,300.690
1765621800000,90459.00,90599.00,90459.00,90556.70,611.606
1765622700000,90556.70,90561.50,90480.00,90546.70,458.232
1765623600000,90546.70,90563.10,90465.90,90491.70,468.372
1765624500000,90491.70,90491.70,90406.80,90406.80,236.519
1765625400000,90406.80,90409.50,90300.00,90320.70,635.242
1765626300000,90320.70,90390.90,90239.00,90298.40,654.030
1765627200000,90298.50,90441.90,90293.90,90383.60,459.108
1765628100000,90383.60,90391.60,90280.50,90280.50,291.687
1765629000000,90280.50,90398.90,90255.00,90258.70,459.078
1765629900000,90258.70,90309.90,90241.10,90309.80,316.052
1765630800000,90309.80,90377.90,90280.70,90302.20,368.959
1765631700000,90302.20,90419.30,90166.20,90184.40,810.019
1765632600000,90184.50,90272.70,90153.60,90196.00,528.541
1765633500000,90196.00,90276.90,90192.70,90215.00,233.947
1765634400000,90215.10,90305.50,90200.00,90259.20,375.632
1765635300000,90259.30,90259.30,89921.90,89921.90,1816.763
1765636200000,89921.90,90292.90,89888.00,90136.80,1200.508
1765637100000,90136.90,90185.80,90040.00,90048.50,358.279
1765638000000,90048.50,90259.00,90027.10,90116.20,599.982
1765638900000,90116.30,90139.70,90062.80,90107.60,295.338
1765639800000,90107.50,90132.80,90062.20,90074.60,340.821
1765640700000,90074.70,90076.10,89999.00,90055.40,566.690
1765641600000,90055.30,90236.60,90045.10,90150.00,635.290
1765642500000,90150.00,90166.40,90030.30,90040.10,340.881
1765643400000,90040.10,90075.00,89993.40,90019.90,405.973
1765644300000,90019.80,90121.40,90000.00,90054.00,340.250
1765645200000,90054.10,90063.90,89944.00,90032.90,441.352
1765646100000,90032.80,90068.60,89960.00,89986.50,272.966
1765647000000,89986.50,90067.50,89958.20,90064.50,343.685
1765647900000,90064.50,90070.10,89996.70,90022.50,223.925
1765648800000,90022.50,90163.00,90011.60,90143.90,314.029
1765649700000,90143.80,90143.90,90089.00,90122.70,221.736
1765650600000,90122.80,90150.00,90100.00,90109.00,164.316
1765651500000,90109.10,90118.40,90064.40,90089.10,138.570
1765652400000,90089.20,90144.10,90074.70,90144.10,116.626
1765653300000,90144.10,90152.10,90099.60,90099.70,226.797
1765654200000,90099.60,90195.60,90099.60,90180.30,223.218
1765655100000,90180.30,90186.00,90136.00,90150.90,167.348
1765656000000,90150.80,90187.30,90123.60,90123.60,167.796
1765656900000,90123.70,90123.70,90094.70,90111.80,116.908
1765657800000,90111.80,90137.80,90073.00,90107.90,176.364
1765658700000,90107.80,90156.20,90000.20,90058.40,335.698
1765659600000,90058.50,90076.10,89954.00,89965.50,481.584
1765660500000,89965.50,89994.60,89869.50,89925.90,370.509
1765661400000,89925.80,90039.40,89711.90,90018.00,1203.514
1765662300000,90018.00,90150.00,89979.80,90137.80,335.577
1765663200000,90137.90,90227.40,89957.30,90020.70,450.564
1765664100000,90020.60,90098.70,90009.40,90064.50,235.636
1765665000000,90064.50,90215.10,90055.40,90122.60,204.388
1765665900000,90122.70,90174.20,90049.50,90092.40,272.705
1765666800000,90092.30,90149.90,90018.20,90145.10,217.500
1765667700000,90145.00,90178.30,90100.00,90157.70,200.835
1765668600000,90157.70,90224.80,90155.40,90200.70,202.377
1765669500000,90200.70,90248.00,90191.30,90191.30,386.266
1765670400000,90191.30,90244.10,90071.60,90236.50,1249.450
1765671300000,90236.40,90287.10,90144.90,90256.20,847.934
1765672200000,90256.10,90430.30,90252.20,90424.00,1720.212
1765673100000,90423.90,90440.00,90300.40,90303.50,654.096
1765674000000,90303.60,90380.60,90217.10,90330.10,442.314
1765674900000,90330.00,90402.90,90326.50,90385.10,232.773
1765675800000,90385.10,90405.00,90166.00,90183.80,443.979
1765676700000,90183.80,90256.60,90170.40,90256.60,147.008
1765677600000,90256.50,90309.40,90244.20,90301.40,144.446
1765678500000,90301.30,90330.00,90249.40,90306.50,158.680
1765679400000,90306.50,90349.80,90200.00,90270.40,409.913
1765680300000,90270.40,90276.00,90203.80,90244.90,190.923
1765681200000,90245.00,90262.30,90230.00,90246.60,114.588
1765682100000,90246.50,90255.40,90223.90,90228.20,92.607
1765683000000,90228.20,90240.40,90200.00,90231.30,170.132
1765683900000,90231.30,90234.00,90212.10,90222.30,67.595
1765684800000,90222.40,90260.40,90207.90,90242.20,163.743
1765685700000,90242.20,90284.40,90242.20,90260.80,156.622
1765686600000,90260.80,90300.00,90100.00,90128.50,335.213
1765687500000,90128.40,90179.30,90086.00,90159.30,275.498
1765688400000,90159.30,90159.30,90065.10,90111.90,401.060
1765689300000,90112.00,90112.00,90005.80,90050.30,452.420
1765690200000,90050.40,90120.10,90031.40,90120.10,287.723
1765691100000,90120.10,90185.80,90098.60,90161.00,423.002
1765692000000,90161.10,90190.10,90131.60,90154.50,236.355
1765692900000,90154.50,90202.00,90060.00,90069.60,224.594
1765693800000,90069.70,90160.00,90055.00,90130.20,177.477
1765694700000,90130.30,90139.80,90090.40,90105.00,114.166
1765695600000,90105.10,90115.20,90093.30,90107.90,113.024
1765696500000,90108.00,90108.00,90060.00,90072.00,101.314
1765697400000,90072.10,90104.40,90035.20,90101.90,179.670
1765698300000,90101.90,90235.60,90101.80,90205.10,358.058
1765699200000,90205.10,90240.00,90167.50,90167.50,281.064
1765700100000,90167.60,90250.00,90139.60,90142.90,285.630
1765701000000,90142.80,90163.90,90123.20,90128.90,151.564
1765701900000,90129.00,90129.00,90064.50,90072.40,222.090
1765702800000,90072.30,90112.30,90028.50,90050.60,364.999
1765703700000,90050.70,90088.40,90022.10,90040.20,232.093
1765704600000,90040.10,90082.40,89939.20,89970.00,871.556
1765705500000,89970.10,90004.30,89970.00,89991.40,438.709
1765706400000,89991.40,90011.90,89740.00,89762.80,950.506
1765707300000,89762.60,90101.00,89760.30,89959.80,1131.167
1765708200000,89959.90,89973.70,89825.00,89893.10,589.117
1765709100000,89893.10,89893.10,89794.60,89819.00,759.980
1765710000000,89818.90,89825.00,89419.00,89710.80,4160.285
1765710900000,89710.80,89737.90,89457.60,89468.90,1203.042
1765711800000,89468.80,89580.00,88412.80,88829.80,8744.018
1765712700000,88829.80,89389.40,88677.00,89308.20,4256.133
1765713600000,89308.30,89433.00,89055.40,89278.80,2108.917
1765714500000,89278.80,89529.30,89278.70,89331.90,1579.483
1765715400000,89331.90,89581.50,89331.90,89548.40,1137.323
1765716300000,89548.40,89630.80,89345.70,89382.90,971.627
1765717200000,89382.80,89382.90,89035.10,89200.80,1495.791
1765718100000,89200.80,89281.70,89067.70,89227.30,772.243
1765719000000,89227.30,89331.30,89173.70,89226.10,701.910
1765719900000,89226.20,89459.40,89161.20,89450.50,770.347
1765720800000,89450.40,89527.20,89296.00,89299.70,719.324
1765721700000,89299.70,89388.60,89165.70,89242.40,835.338
1765722600000,89242.40,89247.00,88878.10,88949.90,1970.553
1765723500000,88950.00,89096.30,88838.70,89074.10,1429.624
1765724400000,89074.10,89146.60,88891.70,88974.10,900.397
1765725300000,88974.00,89122.20,88831.70,88978.00,845.566
1765726200000,88978.00,89080.00,88906.60,89024.10,621.530
1765727100000,89024.00,89031.70,88938.00,88985.20,405.726
1765728000000,88985.20,89029.50,88908.00,88991.30,690.605
1765728900000,88991.30,89372.80,88951.50,89221.20,1147.907
1765729800000,89221.10,89300.00,88705.00,88770.70,1686.528
1765730700000,88770.70,88865.90,88435.00,88780.00,3835.823
1765731600000,88779.90,88991.40,88551.00,88634.50,1795.350
1765732500000,88634.40,88867.90,88560.70,88731.00,797.627
1765733400000,88731.00,88800.00,88606.90,88723.80,699.666
1765734300000,88723.80,88884.10,88634.00,88760.70,749.005
1765735200000,88760.70,88911.00,88681.30,88885.80,632.533
1765736100000,88885.80,89027.70,88666.60,88735.60,1161.699
1765737000000,88735.60,88887.90,88735.50,88836.50,436.426
1765737900000,88836.50,88973.80,88775.10,88951.80,456.584
1765738800000,88951.70,88951.80,88590.80,88694.30,1015.421
1765739700000,88694.30,88694.30,88432.00,88665.80,1437.367
1765740600000,88665.80,88712.60,88480.10,88555.50,637.354
1765741500000,88555.50,88620.50,88448.50,88598.70,516.836
1765742400000,88598.70,88779.10,88272.20,88756.30,2315.800
1765743300000,88756.30,88776.50,88580.50,88611.20,823.011
1765744200000,88611.10,88673.70,88515.40,88610.90,497.977
1765745100000,88610.80,88679.90,88455.00,88515.90,577.382
1765746000000,88515.90,88546.30,88392.80,88485.20,632.336
1765746900000,88485.20,88672.10,88484.50,88537.20,432.944
1765747800000,88537.10,88567.60,88447.30,88495.30,610.038
1765748700000,88495.20,88520.30,88300.00,88403.70,829.159
1765749600000,88403.60,88581.90,88403.60,88475.10,602.089
1765750500000,88475.10,88477.30,88310.00,88349.40,442.748
1765751400000,88349.30,88349.30,87920.00,88125.30,3483.559
1765752300000,88125.30,88413.00,88083.30,88370.20,920.336
1765753200000,88370.30,88586.80,87923.00,88017.60,1917.293
1765754100000,88017.60,88200.00,87871.50,87980.60,1288.318
1765755000000,87980.50,88070.80,87504.30,88000.00,4175.293
1765755900000,88000.00,88299.80,87880.90,88118.80,1847.399
1765756800000,88118.80,88449.80,88066.20,88118.80,2094.313
1765757700000,88118.80,88563.10,88025.30,88494.00,1784.001
1765758600000,88494.10,88656.30,88080.00,88215.30,2087.168
1765759500000,88215.40,88456.50,88171.60,88414.90,880.279
1765760400000,88415.00,88573.90,88376.70,88557.30,1404.169
1765761300000,88557.40,88722.20,88486.50,88662.60,1098.876
1765762200000,88662.70,89258.50,88612.90,89025.60,3325.583
1765763100000,89025.50,89291.90,88920.50,89189.10,1846.655
1765764000000,89189.00,89606.00,89180.20,89476.20,3444.077
1765764900000,89476.20,89972.40,89465.00,89640.30,3654.591
1765765800000,89640.30,89670.00,89333.30,89399.90,1930.441
1765766700000,89400.00,89415.20,89193.70,89269.50,1434.602
1765767600000,89269.50,89391.20,89202.70,89337.30,883.522
1765768500000,89337.40,89497.20,89304.70,89307.30,607.620
1765769400000,89307.30,89352.90,89180.20,89226.90,874.726
1765770300000,89226.90,89318.20,89213.30,89239.90,464.493
1765771200000,89240.00,89503.30,89239.30,89441.40,900.119
1765772100000,89441.40,89549.40,89229.50,89300.10,571.126
1765773000000,89300.20,89632.10,89266.00,89632.00,978.389
1765773900000,89632.10,89750.00,89576.70,89631.20,834.698
1765774800000,89631.30,89637.80,89495.70,89605.10,631.640
1765775700000,89605.00,89713.00,89590.70,89657.30,557.076
1765776600000,89657.20,89666.60,89480.40,89487.70,621.874
1765777500000,89487.80,89579.60,89455.00,89576.90,463.349
1765778400000,89576.90,89587.00,89428.40,89466.10,453.355
1765779300000,89466.00,89555.00,89454.40,89525.60,319.742
1765780200000,89525.50,89621.00,89499.90,89564.40,333.887
1765781100000,89564.40,89880.00,89564.30,89692.80,1201.591
1765782000000,89692.90,89787.10,89466.00,89508.40,1267.955
1765782900000,89508.30,89600.00,89508.30,89550.20,403.265
1765783800000,89550.10,89698.30,89526.30,89563.00,590.641
1765784700000,89563.00,89775.90,89562.30,89703.00,812.394
1765785600000,89702.90,89777.00,89604.80,89654.50,710.747
1765786500000,89654.60,89856.00,89643.20,89812.50,800.997
1765787400000,89812.50,89853.00,89737.80,89798.30,503.757
1765788300000,89798.20,89813.60,89722.30,89722.30,326.624
1765789200000,89722.30,89888.00,89719.90,89800.00,715.589
1765790100000,89800.00,89885.10,89788.20,89840.50,433.098
1765791000000,89840.60,89865.20,89781.60,89800.00,392.295
1765791900000,89800.00,89940.00,89772.20,89815.60,1126.789
1765792800000,89815.70,89882.10,89739.00,89775.70,812.795
1765793700000,89775.80,89880.00,89640.60,89815.40,1390.746
1765794600000,89815.40,89940.00,89694.30,89775.90,1006.161
1765795500000,89775.90,89843.00,89765.50,89811.50,401.205
1765796400000,89811.60,89861.90,89744.10,89744.10,546.664
1765797300000,89744.10,89768.90,89726.60,89752.00,509.065
1765798200000,89752.00,89782.20,89525.00,89537.10,1178.008
1765799100000,89537.00,89664.90,89533.50,89606.00,935.979
1765800000000,89606.00,89609.00,89384.50,89423.50,1785.004
1765800900000,89423.40,89601.20,89423.40,89534.40,923.998
1765801800000,89534.50,89728.80,89530.80,89711.60,925.479
1765802700000,89711.60,89711.60,89582.80,89657.80,681.926
1765803600000,89657.90,89699.00,89422.00,89528.50,1139.380
1765804500000,89528.50,89548.40,89319.60,89418.20,1432.512
1765805400000,89418.30,89481.60,89230.20,89438.10,1710.776
1765806300000,89438.20,89547.70,89388.00,89388.00,761.336
1765807200000,89388.10,89622.00,89372.10,89569.80,785.001
1765808100000,89569.80,89675.90,89291.30,89352.90,1308.616
1765809000000,89353.00,89845.00,89012.30,89221.20,5967.189
1765809900000,89221.20,89311.80,87800.00,88004.30,13056.566
1765810800000,88004.30,88179.40,87322.90,87438.00,11508.334
1765811700000,87438.00,87464.90,86630.00,86831.50,12360.190
1765812600000,86831.50,87175.00,86563.60,87170.70,7532.341
1765813500000,87170.80,87344.00,86692.10,86996.60,5505.731
1765814400000,86996.50,87189.90,86737.20,86844.00,3381.673
1765815300000,86843.90,87100.00,86802.90,86870.30,1976.898
1765816200000,86870.20,86913.40,86000.00,86288.40,9118.120
1765817100000,86288.30,86482.20,86102.10,86360.60,3289.789
1765818000000,86360.60,86487.20,86165.60,86188.90,2199.158
1765818900000,86188.90,86341.10,86055.00,86162.10,2195.999
1765819800000,86162.20,86225.30,85661.70,85806.50,6356.104
1765820700000,85806.50,85952.30,85560.00,85734.30,2947.705
1765821600000,85734.20,85942.20,85561.20,85849.50,2631.743
1765822500000,85849.50,85910.20,85500.40,85558.10,1848.532
1765823400000,85558.10,85885.20,85073.00,85715.70,6447.170
1765824300000,85715.70,86240.80,85669.10,86142.70,4309.538
1765825200000,86142.70,86521.20,85908.10,85937.10,4502.859
1765826100000,85937.20,86333.00,85833.40,86079.70,2608.256
1765827000000,86079.70,86299.90,86064.20,86160.60,994.932
1765827900000,86160.50,86220.00,85930.20,86104.20,1390.856
1765828800000,86104.20,86155.90,85695.60,85719.30,2374.931
1765829700000,85719.30,85850.00,85574.70,85712.80,2019.412
1765830600000,85712.80,86057.60,85682.00,85892.90,1569.495
1765831500000,85893.00,85951.70,85735.00,85763.20,1294.338
1765832400000,85756.90,85785.50,85489.70,85594.10,2162.053
1765833300000,85594.10,86139.00,85542.30,86042.60,2070.286
1765834200000,86042.50,86144.00,85953.30,85985.00,1094.306
1765835100000,85985.00,86275.00,85975.10,86209.60,1059.750
1765836000000,86209.70,86210.80,85958.60,86014.20,723.250
1765836900000,86014.30,86052.40,85781.40,85981.30,693.022
1765837800000,85981.20,86082.30,85904.30,86008.10,480.559
1765838700000,86008.00,86235.50,85932.80,86228.80,602.981
1765839600000,86228.80,86437.10,86149.80,86400.90,1462.509
1765840500000,86400.90,86401.00,86069.00,86185.80,1111.703
1765841400000,86185.80,86428.00,86152.40,86421.10,645.082
1765842300000,86421.10,86422.10,86290.20,86389.90,721.921
1765843200000,86390.00,86478.60,86237.00,86275.40,1332.632
1765844100000,86275.50,86372.80,86102.60,86306.10,648.224
1765845000000,86306.20,86309.90,86042.80,86093.70,859.270
1765845900000,86093.60,86093.70,85802.10,85821.10,1480.520
1765846800000,85821.10,86135.60,85681.90,86063.20,1166.315
1765847700000,86063.10,86112.30,85820.50,85866.60,839.212
1765848600000,85866.60,85998.70,85625.30,85794.30,1322.304
1765849500000,85794.20,85901.90,85689.10,85850.10,663.714
1765850400000,85850.00,85998.00,85800.00,85941.60,712.139
1765851300000,85941.60,86188.00,85846.80,86165.90,729.321
1765852200000,86165.90,86186.10,86020.70,86083.00,542.297
1765853100000,86083.00,86116.00,85762.80,85901.60,865.075
1765854000000,85901.70,85979.90,85641.80,85692.80,1261.246
1765854900000,85692.90,85760.00,85555.50,85665.30,1511.006
1765855800000,85665.20,85793.10,85340.10,85740.10,2218.427
1765856700000,85740.20,85844.70,85740.20,85837.70,635.614
1765857600000,85837.60,85887.80,85747.20,85751.30,560.585
1765858500000,85751.30,85770.80,85581.80,85604.00,716.033
1765859400000,85603.90,85647.20,85429.20,85614.20,710.201
1765860300000,85614.30,85812.80,85226.00,85799.90,1932.289
1765861200000,85799.90,85947.00,85759.00,85814.90,1074.750
1765862100000,85815.00,85959.70,85800.00,85938.90,582.895
1765863000000,85939.00,86061.50,85900.00,86037.10,804.018
1765863900000,86037.10,86171.10,85914.40,85983.80,1730.289
1765864800000,85983.80,86254.20,85983.80,86185.70,1034.847
1765865700000,86185.70,86422.80,86185.60,86369.90,851.080
1765866600000,86370.00,86408.90,86312.20,86348.60,546.330
1765867500000,86348.60,86575.80,86348.60,86458.00,1136.946
1765868400000,86458.10,86577.00,86276.50,86288.00,1749.370
1765869300000,86287.90,86346.00,86034.30,86180.10,1170.594
1765870200000,86180.10,86195.10,85840.00,85846.50,1379.393
1765871100000,85846.40,86069.20,85807.60,85964.80,1320.852
1765872000000,85964.90,86184.50,85874.60,86117.40,964.073
1765872900000,86117.30,86245.60,85988.20,86228.30,741.309
1765873800000,86228.20,86234.50,86038.50,86234.50,558.257
1765874700000,86234.50,86343.40,86172.00,86236.50,634.617
1765875600000,86236.50,86326.40,86208.70,86291.90,502.346
1765876500000,86292.00,86377.00,86151.40,86228.30,822.919
1765877400000,86228.30,86377.80,86189.00,86326.30,453.476
1765878300000,86326.30,86392.00,86208.00,86307.60,529.478
1765879200000,86307.70,86431.40,86230.60,86413.70,637.187
1765880100000,86413.70,86470.00,86309.10,86364.40,513.224
1765881000000,86364.40,87287.90,86344.00,87100.40,4333.890
1765881900000,87100.30,87299.70,86808.40,86932.10,3404.607
1765882800000,86932.10,87015.00,86766.00,86941.80,1128.000
1765883700000,86941.80,87104.60,86909.10,87104.20,943.187
1765884600000,87104.30,87279.70,87000.00,87058.60,1452.431
1765885500000,87058.70,87295.80,86955.70,87216.60,1237.618
1765886400000,87216.60,87295.00,87156.90,87192.00,913.836
1765887300000,87191.90,87245.30,87060.00,87107.30,878.133
1765888200000,87107.20,87212.60,87023.20,87212.30,755.771
1765889100000,87212.40,87450.00,87081.10,87161.90,1477.935
1765890000000,87161.80,87250.00,87011.60,87176.30,1172.411
1765890900000,87176.40,87530.20,87163.00,87326.60,2489.678
1765891800000,87326.60,87776.30,86721.90,86892.70,8307.613
1765892700000,86892.40,87087.00,86365.80,86410.40,5222.985
1765893600000,86410.40,86930.30,86055.90,86823.10,5562.238
1765894500000,86823.20,87050.30,86741.30,86901.00,2169.723
1765895400000,86900.90,87358.00,86868.10,87066.40,4500.980
1765896300000,87066.50,87740.00,86765.20,87257.20,5428.361
1765897200000,87257.20,87444.00,86913.00,87188.30,2985.088
1765898100000,87188.20,87232.60,86783.80,87128.30,3015.153
1765899000000,87128.30,87322.10,87003.60,87282.50,2036.141
1765899900000,87282.60,88143.90,87189.90,87936.30,7272.412
1765900800000,87936.30,87952.00,87568.80,87709.30,2805.780
1765901700000,87709.30,88012.50,87474.60,87801.10,2889.212
1765902600000,87801.10,87894.00,87340.00,87490.00,2809.621
1765903500000,87490.00,87719.80,87410.10,87539.00,1220.012
1765904400000,87539.10,87795.40,87466.50,87721.10,1177.471
1765905300000,87721.10,87803.10,87223.90,87299.60,1502.026
1765906200000,87299.60,87465.50,87091.30,87187.00,1460.961
1765907100000,87187.00,87230.10,87050.00,87087.70,1035.842
1765908000000,87087.70,87500.00,87015.80,87438.60,1742.062
1765908900000,87438.70,87487.40,87229.80,87351.90,913.369
1765909800000,87351.90,87911.00,87351.90,87863.40,2396.369
1765910700000,87863.30,87980.00,87658.30,87741.30,1417.239
1765911600000,87741.30,87750.00,87282.60,87289.00,1282.260
1765912500000,87289.10,87407.10,87245.20,87399.30,1515.813
1765913400000,87399.20,87580.00,87321.80,87529.20,857.608
1765914300000,87529.30,87760.60,87488.40,87538.70,1007.836
1765915200000,87538.70,87650.40,87397.10,87429.10,970.298
1765916100000,87429.00,87586.90,87297.90,87509.30,518.016
1765917000000,87509.40,87775.40,87473.50,87739.20,657.720
1765917900000,87739.20,87809.80,87531.60,87533.70,978.469
1765918800000,87533.70,87678.50,87455.50,87617.30,547.978
1765919700000,87617.30,87720.10,87576.40,87660.60,415.788
1765920600000,87660.60,87880.60,87660.60,87843.70,715.650
1765921500000,87843.70,87874.40,87672.10,87728.60,695.900
1765922400000,87728.60,87855.40,87600.20,87609.50,380.842
1765923300000,87609.50,87844.00,87609.50,87843.90,454.036
1765924200000,87844.00,87900.00,87788.00,87813.90,388.346
1765925100000,87813.60,87815.60,87688.80,87753.60,407.227
1765926000000,87753.60,87792.00,87626.00,87692.80,634.578
1765926900000,87692.70,87800.00,87557.30,87623.80,456.204
1765927800000,87623.90,87769.70,87608.50,87769.60,294.361
1765928700000,87769.70,87835.30,87689.70,87826.30,543.289
1765929600000,87826.30,87826.30,87490.60,87500.80,1057.605
1765930500000,87500.90,87605.60,87437.40,87457.50,862.887
1765931400000,87457.60,87537.70,87371.70,87402.80,550.404
1765932300000,87402.80,87529.00,87402.80,87499.30,413.928
1765933200000,87499.30,87650.00,87499.20,87553.40,599.403
1765934100000,87553.50,87925.80,87553.50,87731.30,1326.358
1765935000000,87731.20,87849.60,87534.40,87535.30,590.318
1765935900000,87535.40,87628.10,87439.80,87518.00,633.618
1765936800000,87517.90,87558.50,87206.00,87241.00,1047.997
1765937700000,87241.00,87359.20,87150.00,87293.50,981.155
1765938600000,87293.40,87372.00,87187.40,87365.60,752.561
1765939500000,87365.60,87525.60,87335.40,87452.70,600.353
1765940400000,87452.70,87577.30,87388.00,87388.00,579.228
1765941300000,87388.00,87450.00,87288.00,87310.90,382.975
1765942200000,87310.90,87351.30,87160.00,87227.90,840.860
1765943100000,87227.90,87260.30,87104.20,87178.10,451.978
1765944000000,87178.20,87360.80,87178.10,87288.40,441.405
1765944900000,87288.30,87292.80,86930.00,87014.70,1678.433
1765945800000,87014.70,87076.30,86802.90,86833.50,1379.705
1765946700000,86833.60,86845.00,86675.40,86716.70,1457.192
1765947600000,86716.80,86726.90,86383.30,86591.50,2692.460
1765948500000,86591.50,86653.60,86158.40,86384.10,2653.922
1765949400000,86384.10,86487.30,86188.00,86456.20,1595.659
1765950300000,86456.10,86701.30,86413.00,86595.00,1383.452
1765951200000,86595.00,86972.70,86554.70,86839.90,2377.184
1765952100000,86839.80,86952.10,86781.00,86839.10,665.700
1765953000000,86839.10,86900.00,86708.80,86769.40,1311.578
1765953900000,86769.40,86784.10,86680.60,86735.50,541.421
1765954800000,86735.50,86894.60,86611.00,86622.30,896.873
1765955700000,86622.30,86717.80,86555.50,86699.90,630.506
1765956600000,86699.90,87164.20,86687.80,86975.60,2265.130
1765957500000,86975.60,87058.20,86894.80,87010.40,778.664
1765958400000,87010.40,87010.40,86763.60,86763.70,763.062
1765959300000,86763.60,86793.40,86420.90,86480.10,1315.351
1765960200000,86480.10,86550.00,86339.10,86459.10,1245.901
1765961100000,86459.10,86459.10,86286.00,86366.00,887.508
1765962000000,86366.10,86479.70,86310.70,86452.40,1176.339
1765962900000,86452.40,86573.90,86245.30,86304.10,1402.553
1765963800000,86304.00,86437.80,86222.70,86415.20,957.783
1765964700000,86415.20,86449.40,86369.00,86386.10,324.082
1765965600000,86386.10,86719.10,86201.00,86640.10,1134.817
1765966500000,86640.00,86710.50,86485.90,86535.30,856.637
1765967400000,86535.30,86785.90,86451.60,86684.20,1086.410
1765968300000,86684.20,86810.00,86510.20,86587.10,846.549
1765969200000,86587.00,86822.00,86523.20,86810.00,656.802
1765970100000,86809.90,86867.90,86734.70,86760.90,549.909
1765971000000,86760.90,86898.00,86742.20,86863.50,498.060
1765971900000,86863.40,87100.00,86812.40,86939.30,1784.726
1765972800000,86939.20,87189.60,86939.20,87109.90,1988.387
1765973700000,87109.90,87124.90,86949.00,87048.00,1081.525
1765974600000,87047.90,87062.90,86797.30,86811.00,1363.614
1765975500000,86811.00,87060.00,86776.70,86984.00,1037.247
1765976400000,86984.00,87317.60,86850.00,86857.00,1849.546
1765977300000,86856.90,87071.90,86768.80,87055.70,1187.590
1765978200000,87055.70,87363.90,87020.30,87329.30,1489.990
1765979100000,87329.00,87838.50,87306.20,87579.00,4491.602
1765980000000,87579.00,87711.60,87427.20,87540.40,1891.029
1765980900000,87540.50,87862.00,87540.50,87672.90,1882.216
1765981800000,87673.00,87880.00,87324.10,87456.60,4098.787
1765982700000,87456.20,89665.10,87099.50,89633.90,19009.676
1765983600000,89634.00,90363.20,89372.60,90153.20,15787.281
1765984500000,90153.10,90270.90,89600.00,89887.60,5448.132
1765985400000,89887.70,90050.00,88504.00,88679.00,8449.619
1765986300000,88679.00,88755.50,87088.90,87191.40,15083.771
1765987200000,87191.00,87737.30,86920.90,86926.60,8229.315
1765988100000,86926.60,86999.70,86285.80,86325.90,8535.716
1765989000000,86324.90,86663.10,86128.50,86585.20,5239.006
1765989900000,86585.10,86970.40,86425.00,86946.60,3018.856
1765990800000,86945.80,86953.30,86429.80,86616.10,2387.107
1765991700000,86616.00,87077.00,86572.90,86826.10,2300.910
1765992600000,86826.20,86877.20,86319.30,86319.30,1912.372
1765993500000,86319.30,86557.60,86215.00,86380.60,2031.051
1765994400000,86380.70,86807.20,86380.70,86516.20,1790.325
1765995300000,86516.30,86658.50,86406.10,86441.50,931.919
1765996200000,86441.40,86547.20,85750.00,85901.40,3795.306
1765997100000,85901.40,85974.40,85615.00,85796.10,3240.921
1765998000000,85796.20,85836.60,85261.30,85485.20,4299.751
1765998900000,85485.20,85911.10,85454.20,85669.30,3861.104
1765999800000,85669.30,85823.90,85399.90,85604.60,2222.403
1766000700000,85604.70,86149.00,85584.20,85982.70,1903.296
1766001600000,85982.70,86039.30,85630.00,85654.90,1737.280
1766002500000,85654.90,86228.20,85645.00,86104.90,2493.628
1766003400000,86104.80,86171.90,85840.20,86084.60,1608.289
1766004300000,86084.60,86146.50,85765.20,85854.70,1310.794
1766005200000,85854.70,86024.20,85839.40,85968.50,672.291
1766006100000,85968.50,85968.50,85735.10,85816.60,517.239
1766007000000,85816.60,85889.80,85663.00,85868.80,823.428
1766007900000,85868.80,85980.00,85819.60,85946.00,423.354
1766008800000,85946.20,86086.00,85850.00,86029.90,1153.564
1766009700000,86030.00,86421.00,85965.10,86213.40,1421.619
1766010600000,86213.40,86275.20,86051.50,86133.70,745.684
1766011500000,86133.60,86334.60,86066.80,86312.50,736.053
1766012400000,86312.40,86312.50,85954.30,85959.80,732.980
1766013300000,85959.70,86050.00,85912.50,85985.70,661.219
1766014200000,85985.70,86096.60,85909.30,86055.40,780.755
1766015100000,86055.40,86220.00,86023.80,86201.60,1081.800
1766016000000,86201.60,86263.10,86055.80,86124.10,929.636
1766016900000,86124.10,86221.50,86012.10,86218.70,507.055
1766017800000,86218.70,86284.00,86115.70,86122.90,516.794
1766018700000,86123.00,86255.00,86089.90,86191.90,383.499
1766019600000,86191.80,86207.30,85820.60,85917.20,1112.519
1766020500000,85917.20,86029.10,85836.30,85960.10,565.212
1766021400000,85960.10,86118.50,85935.10,86091.70,426.455
1766022300000,86091.80,86152.60,85973.30,86085.70,475.003
1766023200000,86085.60,86510.00,85970.70,86448.60,1654.440
1766024100000,86448.60,86836.20,86260.00,86375.60,3314.638
1766025000000,86375.50,86675.20,86356.10,86664.80,897.328
1766025900000,86664.80,86720.90,86552.40,86649.60,1328.982
1766026800000,86649.50,86649.60,86464.40,86544.30,831.615
1766027700000,86544.40,86544.40,86250.30,86252.10,1339.039
1766028600000,86252.20,86525.10,86200.00,86485.00,1388.683
1766029500000,86485.00,86623.90,86457.50,86575.10,447.658
1766030400000,86575.10,86859.10,86558.00,86705.60,1224.252
1766031300000,86705.70,86849.60,86636.70,86792.10,745.807
1766032200000,86792.10,86848.20,86766.90,86802.20,584.558
1766033100000,86802.30,86802.30,86703.60,86715.80,595.378
1766034000000,86715.90,86718.10,86553.80,86571.10,652.781
1766034900000,86571.10,86607.30,86465.30,86498.20,779.734
1766035800000,86498.10,86689.00,86449.90,86630.00,604.632
1766036700000,86630.00,86638.10,86323.70,86400.00,1032.465
1766037600000,86400.10,86530.50,86353.80,86509.60,578.988
1766038500000,86509.60,86539.90,86382.20,86420.60,556.241
1766039400000,86420.60,86506.10,86369.50,86439.60,393.718
1766040300000,86439.50,86623.50,86412.00,86607.00,383.026
1766041200000,86607.00,86811.60,86546.00,86752.90,1123.965
1766042100000,86752.80,86821.40,86746.00,86797.40,622.383
1766043000000,86797.50,86822.20,86662.50,86711.10,877.942
1766043900000,86711.00,86794.00,86669.00,86787.50,804.266
1766044800000,86787.50,86940.30,86640.50,86705.10,980.144
1766045700000,86705.00,86996.00,86698.70,86900.00,1074.261
1766046600000,86899.90,87085.70,86885.40,86990.70,1546.202
1766047500000,86990.70,87063.90,86905.80,86934.90,761.738
1766048400000,86934.90,86981.30,86755.00,86784.30,691.700
1766049300000,86784.30,87008.00,86784.20,86972.20,551.737
1766050200000,86972.20,87348.70,86972.20,87327.90,2188.502
1766051100000,87327.90,87350.00,87226.40,87237.00,949.430
1766052000000,87236.90,87386.70,87180.00,87295.00,866.185
1766052900000,87295.00,87373.90,87223.90,87324.00,544.011
1766053800000,87324.00,87417.60,87250.80,87299.90,579.683
1766054700000,87300.00,87319.90,87161.60,87307.20,865.737
1766055600000,87307.20,87315.30,87055.50,87076.20,1167.276
1766056500000,87076.20,87149.80,87014.40,87136.50,711.923
1766057400000,87136.40,87221.90,87095.20,87101.40,478.315
1766058300000,87101.50,87268.10,87101.40,87268.10,487.305
1766059200000,87257.00,87315.00,87100.00,87114.50,824.863
1766060100000,87114.50,87192.50,87072.90,87095.10,543.062
1766061000000,87095.10,87396.70,87095.00,87317.70,892.843
1766061900000,87317.70,87344.10,87068.00,87215.20,769.171
1766062800000,87215.10,87975.60,87215.10,87862.20,4634.840
1766063700000,87862.10,87932.00,87525.00,87597.60,2020.182
1766064600000,87597.70,88820.00,87597.60,88727.50,11417.708
1766065500000,88727.50,89173.90,88560.50,88804.00,8056.321
1766066400000,88804.00,89447.90,88066.00,88110.40,10003.579
1766067300000,88110.40,88788.00,88080.60,88488.50,4253.572
1766068200000,88488.40,89113.00,87673.80,87798.70,9316.188
1766069100000,87798.70,88485.30,87731.30,88325.40,3983.056
1766070000000,88325.40,88655.70,87960.20,88076.30,3226.488
1766070900000,88076.30,88606.80,87940.00,88571.50,3771.673
1766071800000,88571.60,89333.00,88287.30,89041.90,8322.566
1766072700000,89041.90,89042.00,88439.80,88480.80,3726.739
1766073600000,88480.70,88500.00,88158.60,88158.70,2371.281
1766074500000,88158.70,88363.30,87797.60,88069.10,3634.469
1766075400000,88069.10,88388.00,88031.60,88244.90,1572.545
1766076300000,88244.90,88281.90,87900.00,87984.60,1641.546
1766077200000,87984.60,87999.90,86238.10,86349.70,12224.665
1766078100000,86349.80,86363.10,85427.50,85861.60,12840.623
1766079000000,85861.70,86576.20,85555.20,86417.80,6538.856
1766079900000,86417.90,86546.70,86063.50,86443.60,2979.543
1766080800000,86443.60,86865.60,86227.90,86676.40,3782.762
1766081700000,86676.40,86693.40,86240.60,86368.30,2702.839
1766082600000,86368.40,86610.90,86282.90,86439.00,2107.582
1766083500000,86439.00,86511.70,85662.50,85946.70,4754.511
1766084400000,85946.70,85990.00,85450.00,85626.10,4675.149
1766085300000,85626.40,85807.30,85013.90,85626.10,8186.033
1766086200000,85626.10,85793.40,84601.00,84651.50,7758.385
1766087100000,84651.40,84810.10,84429.90,84447.00,5902.885
1766088000000,84447.00,85248.10,84408.60,85117.60,5480.646
1766088900000,85117.60,85149.70,84864.00,84934.70,1657.567
1766089800000,84934.70,85092.20,84710.00,84979.30,2119.952
1766090700000,84979.30,85095.60,84523.50,84558.80,2903.001
1766091600000,84557.40,85324.40,84521.20,85123.60,3890.713
1766092500000,85123.70,85444.00,85053.20,85416.90,1926.618
1766093400000,85416.80,85800.00,85175.10,85279.10,2765.855
1766094300000,85279.10,85678.40,85231.80,85584.60,1258.976
1766095200000,85584.30,85721.20,85318.60,85346.30,914.412
1766096100000,85346.40,85494.30,85245.80,85465.30,738.417
1766097000000,85465.30,85680.00,85454.10,85543.50,989.674
1766097900000,85543.40,85694.50,85455.00,85544.00,691.419
1766098800000,85544.00,85591.60,85271.70,85587.90,1106.841
1766099700000,85588.00,85588.00,85333.50,85449.50,502.071
1766100600000,85449.50,85551.00,85388.00,85444.60,428.159
1766101500000,85444.70,85494.10,85300.20,85469.70,639.992
1766102400000,85469.80,85570.70,85369.10,85454.20,721.217
1766103300000,85454.20,85528.80,85372.90,85383.80,462.486
1766104200000,85383.70,85426.90,85260.40,85268.70,752.530
1766105100000,85268.70,85576.10,85260.00,85572.90,748.947
1766106000000,85572.80,85572.80,85313.70,85406.20,608.912
1766106900000,85406.10,85490.80,85120.50,85128.00,694.242
1766107800000,85128.10,85342.40,85062.70,85305.60,838.159
1766108700000,85305.60,85377.90,85076.00,85291.70,650.653
1766109600000,85291.10,85305.60,85091.50,85203.20,772.089
1766110500000,85203.20,85520.70,85169.00,85483.80,1040.464
1766111400000,85483.80,85591.70,85339.90,85571.10,1086.395
1766112300000,85571.10,85917.40,85526.60,85600.80,2761.085
1766113200000,85600.90,86444.00,85566.10,86331.30,4897.103
1766114100000,86331.40,87125.00,85916.00,87112.80,5441.538
1766115000000,87112.40,87550.00,86715.10,87018.20,6234.355
1766115900000,87018.20,87307.10,86653.10,86863.10,2893.889
1766116800000,86863.20,87349.90,86793.50,87329.40,3796.767
1766117700000,87329.30,87354.80,87000.00,87021.40,2064.341
1766118600000,87021.40,87174.80,86930.30,86954.60,1308.207
1766119500000,86954.60,87096.20,86954.60,87073.50,798.728
1766120400000,87073.40,87157.80,86834.00,86960.00,1430.148
1766121300000,86960.20,86970.20,86708.40,86739.50,1393.387
1766122200000,86739.60,86925.00,86651.90,86863.30,1234.164
1766123100000,86863.20,87200.00,86858.20,87099.70,1280.505
1766124000000,87099.70,87177.80,86970.50,87011.80,643.779
1766124900000,87011.80,87043.40,86871.60,86989.50,571.079
1766125800000,86989.60,87096.20,86919.30,87093.50,473.462
1766126700000,87093.40,87450.00,87040.90,87449.90,1383.292
1766127600000,87450.00,88366.00,87436.30,88110.50,6010.543
1766128500000,88110.40,88190.90,87774.60,87896.70,2806.506
1766129400000,87896.60,87936.30,87688.20,87754.00,1373.143
1766130300000,87754.10,87967.00,87726.50,87909.70,1471.542
1766131200000,87909.70,88123.70,87816.00,87922.30,1447.185
1766132100000,87922.40,87980.60,87700.00,87701.70,1031.528
1766133000000,87700.00,88145.40,87700.00,87899.60,1541.216
1766133900000,87899.60,88179.60,87888.30,88063.20,1240.101
1766134800000,88063.20,88079.60,87901.60,87902.40,954.597
1766135700000,87902.30,88057.30,87856.00,87984.70,643.771
1766136600000,87984.80,88134.00,87911.00,87999.90,785.060
1766137500000,87999.90,88076.50,87954.10,88068.30,429.071
1766138400000,88068.40,88270.00,87996.90,88150.00,1083.993
1766139300000,88150.10,88213.40,87884.40,87924.20,1288.234
1766140200000,87924.10,88094.60,87888.60,88029.70,864.088
1766141100000,88029.70,88333.70,88029.70,88237.10,2349.274
1766142000000,88237.20,88345.10,88100.10,88303.50,1193.713
1766142900000,88303.40,88344.90,88139.10,88251.00,685.654
1766143800000,88251.10,88334.20,88132.80,88251.10,676.703
1766144700000,88251.00,88305.80,88158.70,88169.90,583.843
1766145600000,88170.00,88223.60,87857.60,88170.30,2371.664
1766146500000,88170.20,88247.50,87967.50,87991.20,1039.567
1766147400000,87991.20,88045.00,87925.80,88017.00,934.889
1766148300000,88017.00,88118.50,87810.80,87840.80,2222.212
1766149200000,87840.70,88022.40,87840.70,87971.20,1357.073
1766150100000,87971.20,88031.00,87881.00,88007.40,677.292
1766151000000,88007.50,88228.90,87800.00,88081.00,2513.605
1766151900000,88081.10,88081.10,87860.60,87968.10,1070.914
1766152800000,87968.00,88182.00,87887.70,88128.10,943.393
1766153700000,88128.00,88338.40,87811.30,87994.00,1901.786
1766154600000,87994.10,88610.00,87488.00,88479.00,9673.360
1766155500000,88479.10,88499.40,87869.60,88140.80,4949.206
1766156400000,88140.80,88797.60,87925.10,88724.10,4405.176
1766157300000,88724.10,89374.60,88019.80,88156.80,11145.188
1766158200000,88156.80,88380.00,87888.00,88015.50,3491.621
1766159100000,88015.60,88044.70,87655.60,87925.60,3079.334
1766160000000,87925.60,88477.70,87847.40,88344.50,2731.648
1766160900000,88344.60,88444.00,88219.40,88394.20,1005.954
1766161800000,88394.20,88888.00,88331.70,88473.60,2900.860
1766162700000,88473.60,88497.20,87841.80,87956.60,2079.797
1766163600000,87956.60,88273.30,87852.50,88059.30,1796.723
1766164500000,88059.30,88320.00,87487.70,87592.80,3033.695
1766165400000,87593.30,87694.60,86795.50,87087.00,7774.092
1766166300000,87087.00,87437.00,86833.70,86912.60,3123.372
1766167200000,86912.60,87226.20,86808.10,87163.60,1713.851
1766168100000,87163.60,87436.30,87027.90,87305.70,1324.944
1766169000000,87305.70,87328.70,86900.20,86991.50,973.713
1766169900000,86991.40,87279.10,86900.10,87126.20,1158.141
1766170800000,87126.20,87389.30,87100.00,87267.60,1302.124
1766171700000,87267.70,87772.00,87267.70,87610.40,2393.748
1766172600000,87610.50,87983.70,87545.60,87934.80,2026.807
1766173500000,87934.80,88097.30,87763.80,87812.80,1602.503
1766174400000,87812.90,87938.50,87569.10,87747.40,2043.805
1766175300000,87747.40,88185.40,87643.10,88002.50,1499.131
1766176200000,88002.50,88406.30,87862.40,88024.80,2145.192
1766177100000,88024.90,88371.80,87896.00,88064.80,2453.106
1766178000000,88065.00,88065.00,87862.20,87880.10,560.730
1766178900000,87880.00,88076.80,87849.40,87963.80,601.234
1766179800000,87963.90,88032.20,87868.40,87868.40,542.732
1766180700000,87868.50,87919.90,87758.10,87805.30,494.883
1766181600000,87805.80,88181.90,87805.80,88010.70,582.586
1766182500000,88010.70,88280.00,88010.70,88184.30,745.394
1766183400000,88184.40,88355.20,88101.00,88355.20,457.649
1766184300000,88355.10,88394.40,88182.90,88301.10,486.358
1766185200000,88301.10,88320.00,88211.20,88228.10,501.487
1766186100000,88228.00,88319.90,88217.20,88295.00,264.280
1766187000000,88295.00,88295.00,88115.90,88188.70,463.407
1766187900000,88188.70,88190.70,88085.00,88100.00,282.580
1766188800000,88100.00,88135.80,87974.00,88083.10,975.309
1766189700000,88083.00,88151.20,88035.40,88135.70,408.434
1766190600000,88135.70,88144.10,88018.00,88041.30,198.960
1766191500000,88041.20,88079.00,87926.70,87967.30,540.064
1766192400000,87967.40,88074.80,87967.30,88062.00,198.747
1766193300000,88062.10,88132.80,88054.00,88101.10,223.776
1766194200000,88101.20,88101.20,88007.30,88007.40,138.641
1766195100000,88007.30,88091.40,88003.70,88036.70,188.928
1766196000000,88036.60,88044.60,87945.70,88011.10,266.244
1766196900000,88011.10,88111.60,88011.00,88080.00,192.996
1766197800000,88080.00,88279.00,88068.20,88279.00,856.823
1766198700000,88279.00,88279.00,88140.40,88168.00,367.229
1766199600000,88167.90,88219.70,88122.80,88133.90,259.325
1766200500000,88133.90,88277.20,88133.90,88266.00,306.871
1766201400000,88265.90,88294.80,88243.30,88243.40,336.368
1766202300000,88243.30,88248.50,88165.30,88165.30,178.642
1766203200000,88165.30,88212.20,88065.90,88093.00,391.270
1766204100000,88093.10,88194.20,88087.10,88176.90,330.716
1766205000000,88176.80,88274.00,88174.50,88235.20,368.539
1766205900000,88235.10,88294.00,88199.90,88257.10,277.508
1766206800000,88257.10,88319.80,88229.60,88317.30,428.959
1766207700000,88317.30,88465.40,88300.70,88356.90,951.017
1766208600000,88356.80,88551.80,88328.70,88462.90,1055.363
1766209500000,88463.00,88463.00,88250.00,88250.00,564.276
1766210400000,88250.10,88409.00,88234.70,88395.00,390.955
1766211300000,88395.00,88395.00,88310.90,88311.00,158.712
1766212200000,88311.00,88321.60,88252.20,88261.40,236.896
1766213100000,88261.50,88301.60,88238.20,88262.20,204.169
1766214000000,88262.30,88296.30,88178.30,88254.40,433.596
1766214900000,88254.40,88268.60,88149.70,88193.90,443.776
1766215800000,88193.90,88231.40,88148.40,88165.00,292.090
1766216700000,88165.00,88240.00,88145.60,88239.90,370.489
1766217600000,88240.00,88355.90,88239.90,88272.00,450.101
1766218500000,88272.00,88382.20,88272.00,88318.90,245.254
1766219400000,88319.00,88397.80,88303.40,88304.20,231.290
1766220300000,88304.30,88314.00,88217.00,88217.00,215.542
1766221200000,88217.00,88280.20,88182.00,88263.30,293.900
1766222100000,88263.30,88310.00,88260.30,88267.40,152.619
1766223000000,88267.30,88302.90,88218.20,88231.90,210.970
1766223900000,88232.00,88232.00,88187.60,88190.00,165.614
1766224800000,88190.00,88250.00,88152.10,88227.30,388.655
1766225700000,88227.30,88227.30,88092.10,88127.80,423.728
1766226600000,88127.80,88160.50,88111.00,88157.70,274.862
1766227500000,88157.60,88181.00,88100.00,88133.70,281.975
1766228400000,88133.60,88136.10,88063.80,88107.30,322.849
1766229300000,88107.30,88279.50,88099.90,88200.00,746.868
1766230200000,88200.00,88257.50,88190.80,88237.60,290.883
1766231100000,88237.70,88269.90,88211.00,88243.60,174.275
1766232000000,88243.60,88320.00,88210.20,88231.00,285.574
1766232900000,88231.00,88231.10,88180.00,88181.00,256.219
1766233800000,88181.00,88185.50,88146.90,88168.20,202.856
1766234700000,88168.20,88224.90,88164.50,88214.00,135.613
1766235600000,88213.90,88313.70,88069.00,88117.80,820.109
1766236500000,88117.80,88135.00,87698.50,87980.10,3740.344
1766237400000,87980.00,88176.70,87959.00,88151.40,1052.544
1766238300000,88151.30,88250.80,88143.90,88230.90,746.483
1766239200000,88230.90,88231.00,87970.30,88050.00,879.811
1766240100000,88050.10,88099.90,88024.50,88067.00,332.229
1766241000000,88066.90,88163.50,88066.00,88149.30,271.266
1766241900000,88149.30,88244.00,88138.60,88213.40,601.586
1766242800000,88213.40,88234.10,88138.60,88164.40,338.719
1766243700000,88164.40,88181.00,87971.60,88069.80,1408.149
1766244600000,88069.80,88132.00,88053.60,88121.50,259.274
1766245500000,88121.50,88164.00,88111.20,88134.60,198.603
1766246400000,88134.50,88202.30,88122.60,88149.90,294.587
1766247300000,88149.90,88171.70,88129.60,88135.70,184.363
1766248200000,88135.70,88135.80,88089.80,88097.20,283.751
1766249100000,88097.20,88134.90,88089.10,88115.30,181.018
1766250000000,88115.40,88199.30,88060.00,88128.40,262.951
1766250900000,88128.40,88217.20,88116.50,88194.80,215.849
1766251800000,88194.80,88197.70,88127.50,88156.50,200.155
1766252700000,88156.50,88188.00,88136.10,88144.50,104.132
1766253600000,88144.60,88171.80,88111.50,88124.30,145.838
1766254500000,88124.20,88174.60,88124.20,88165.10,115.399
1766255400000,88165.10,88179.60,88138.00,88152.90,120.807
1766256300000,88152.80,88407.70,88144.90,88277.10,1125.555
1766257200000,88277.10,88298.00,88176.00,88265.00,358.586
1766258100000,88264.90,88265.00,88205.00,88225.30,130.276
1766259000000,88225.40,88225.40,88182.80,88202.50,89.320
1766259900000,88202.40,88204.90,88157.00,88196.30,106.668
1766260800000,88196.40,88234.60,88175.30,88223.60,177.263
1766261700000,88223.60,88257.40,88220.20,88229.50,92.148
1766262600000,88229.50,88285.20,88196.00,88197.30,136.289
1766263500000,88197.30,88250.40,88197.30,88250.40,108.601
1766264400000,88250.30,88291.50,88233.40,88271.40,158.578
1766265300000,88271.40,88434.90,88250.10,88259.70,522.438
1766266200000,88259.70,88279.20,88253.80,88253.80,109.161
1766267100000,88253.80,88253.90,88140.30,88179.60,264.881
1766268000000,88179.60,88216.30,88120.40,88140.10,201.226
1766268900000,88140.00,88189.60,88111.10,88169.90,140.333
1766269800000,88169.90,88261.30,88168.10,88218.60,167.397
1766270700000,88218.60,88306.10,88218.60,88244.10,168.853
1766271600000,88244.10,88300.00,88213.50,88300.00,251.202
1766272500000,88299.90,88340.90,88221.00,88248.20,164.226
1766273400000,88248.30,88294.60,88242.10,88280.90,127.593
1766274300000,88280.80,88393.30,88280.80,88320.80,329.952
1766275200000,88320.70,88366.50,88262.60,88289.90,320.614
1766276100000,88289.90,88390.20,88289.90,88375.60,193.012
1766277000000,88375.60,88400.00,88270.00,88299.70,323.324
1766277900000,88299.70,88358.60,88281.50,88354.80,122.258
1766278800000,88354.80,88354.80,88246.60,88267.20,214.348
1766279700000,88267.30,88292.00,88250.00,88250.00,159.849
1766280600000,88250.10,88250.10,88009.90,88059.80,1742.866
1766281500000,88059.70,88116.20,87959.80,87980.50,724.223
1766282400000,87980.50,88115.30,87954.70,87984.20,508.195
1766283300000,87984.00,87984.00,87821.10,87922.60,838.157
1766284200000,87922.60,88018.70,87883.70,87908.00,494.762
1766285100000,87907.90,87988.60,87848.80,87911.50,588.763
1766286000000,87911.60,88068.00,87899.80,87990.70,436.916
1766286900000,87990.70,88127.90,87986.60,88028.50,350.213
1766287800000,88028.50,88096.80,88000.00,88013.60,184.907
1766288700000,88013.60,88043.30,88013.50,88043.20,133.916
1766289600000,88043.30,88119.30,88010.00,88044.90,223.897
1766290500000,88044.90,88098.00,88044.90,88086.00,125.436
1766291400000,88086.00,88100.00,88040.30,88051.70,137.506
1766292300000,88051.70,88051.70,88012.80,88036.40,85.781
1766293200000,88036.40,88084.60,88015.00,88079.00,123.459
1766294100000,88079.10,88123.80,88023.00,88104.10,212.758
1766295000000,88104.10,88114.00,88072.30,88080.00,100.036
1766295900000,88080.00,88110.40,88060.10,88102.00,100.734
1766296800000,88102.00,88161.60,88073.60,88148.50,199.504
1766297700000,88148.60,88174.50,88110.80,88130.10,191.280
1766298600000,88130.10,88154.70,88069.90,88075.00,219.832
1766299500000,88075.00,88102.80,88030.00,88057.30,188.893
1766300400000,88057.40,88122.40,88057.30,88079.00,117.327
1766301300000,88079.00,88107.90,88068.00,88071.50,108.395
1766302200000,88071.60,88097.30,88013.00,88029.60,275.974
1766303100000,88029.70,88139.60,88029.60,88138.70,248.196
1766304000000,88138.80,88165.90,88103.30,88122.90,230.865
1766304900000,88122.90,88237.80,88111.50,88233.00,486.041
1766305800000,88232.90,88729.20,88205.90,88579.00,2816.558
1766306700000,88578.90,88630.40,88429.20,88509.00,1362.608
1766307600000,88509.00,88766.70,88465.00,88657.20,1546.658
1766308500000,88657.20,88791.10,88597.60,88597.60,837.092
1766309400000,88597.40,88923.20,88596.70,88807.70,1331.809
1766310300000,88808.00,89050.00,88805.70,88868.00,1981.357
1766311200000,88868.00,88940.00,88733.10,88758.00,1136.414
1766312100000,88758.00,88805.70,88680.60,88722.50,653.108
1766313000000,88722.60,88775.30,88536.00,88687.10,1170.365
1766313900000,88687.10,88695.30,88545.30,88633.10,467.843
1766314800000,88633.20,88642.40,88544.30,88598.60,444.184
1766315700000,88598.70,88722.00,88569.70,88650.20,436.973
1766316600000,88650.20,88674.80,88550.00,88571.80,303.061
1766317500000,88571.70,88617.50,88551.40,88570.60,221.073
1766318400000,88570.70,88744.80,88555.00,88719.40,621.073
1766319300000,88719.40,88885.90,88711.40,88794.60,832.086
1766320200000,88794.60,88875.00,88508.80,88535.30,989.969
1766321100000,88535.30,88613.30,88412.90,88588.60,1141.056
1766322000000,88588.60,88660.40,88224.60,88299.20,2412.038
1766322900000,88299.10,88320.00,88139.70,88175.10,1768.634
1766323800000,88175.10,88182.00,87670.00,87881.30,5635.825
1766324700000,87881.20,87905.90,87548.50,87630.50,2731.218
1766325600000,87630.40,88119.90,87575.70,87844.20,3928.933
1766326500000,87844.30,87987.50,87750.00,87861.70,855.622
1766327400000,87861.70,88008.30,87783.00,88002.60,845.463
1766328300000,88002.70,88041.40,87906.30,88019.10,553.025
1766329200000,88019.00,88033.50,87866.90,87898.20,488.661
1766330100000,87898.10,87926.40,87763.20,87859.00,667.013
1766331000000,87858.90,88063.00,87849.80,87953.30,696.784
1766331900000,87953.30,88254.90,87924.80,88024.70,1566.055
1766332800000,88024.70,88117.90,87944.00,88007.30,553.804
1766333700000,88007.40,88315.50,87936.30,88169.50,1394.668
1766334600000,88169.50,88223.50,88126.20,88144.00,537.032
1766335500000,88144.10,88329.10,88131.30,88309.80,373.714
1766336400000,88309.90,88405.50,88286.50,88372.50,823.855
1766337300000,88372.50,88453.90,88222.70,88270.00,817.339
1766338200000,88270.10,88348.10,88238.70,88345.80,324.101
1766339100000,88345.80,88370.00,88232.70,88283.60,296.968
1766340000000,88283.70,88283.70,87902.00,87943.10,1138.563
1766340900000,87943.00,88098.50,87919.10,88086.50,470.367
1766341800000,88086.50,88268.30,88069.50,88231.40,646.149
1766342700000,88231.40,88424.90,88227.60,88406.90,517.798
1766343600000,88406.80,88479.90,88233.80,88334.00,802.131
1766344500000,88334.10,88351.20,88277.70,88320.30,175.691
1766345400000,88320.30,88401.60,88162.10,88379.10,460.951
1766346300000,88379.20,88588.00,88326.10,88448.20,881.425
1766347200000,88448.30,88465.90,88268.10,88280.10,345.636
1766348100000,88280.10,88323.60,88241.70,88248.10,267.046
1766349000000,88248.10,88284.00,88234.10,88251.90,116.009
1766349900000,88252.00,88257.90,88190.00,88195.60,200.776
1766350800000,88195.70,88247.80,88135.90,88221.20,179.475
1766351700000,88221.20,88338.20,88221.20,88299.60,215.339
1766352600000,88299.70,88330.00,88171.20,88188.80,172.256
1766353500000,88188.80,88205.40,88047.40,88121.60,422.609
1766354400000,88121.60,88337.60,88074.30,88334.20,291.173
1766355300000,88334.10,88431.00,88201.50,88318.60,399.780
1766356200000,88318.60,88410.90,88253.10,88343.10,299.197
1766357100000,88343.10,88459.00,88325.90,88440.20,267.325
1766358000000,88440.30,88786.90,88435.80,88478.70,1646.959
1766358900000,88478.60,88611.30,88398.20,88406.10,592.580
1766359800000,88406.20,88531.60,88325.00,88438.80,454.531
1766360700000,88438.90,88622.50,88438.80,88621.30,384.346
1766361600000,88621.30,89450.00,88621.20,89450.00,4594.232
1766362500000,89450.00,89600.00,88740.10,88973.10,4772.861
1766363400000,88973.00,89279.90,88790.10,89096.00,1478.974
1766364300000,89095.90,89207.40,88521.70,88581.70,1983.577
1766365200000,88581.70,88994.70,88458.20,88939.80,2478.602
1766366100000,88939.70,89100.10,88894.80,88964.40,806.059
1766367000000,88964.50,89250.00,88964.50,89040.60,960.356
1766367900000,89040.50,89109.40,88504.90,88580.10,1860.549
1766368800000,88580.20,88618.10,87845.00,88139.90,5862.452
1766369700000,88140.00,88400.00,88043.00,88288.20,1749.575
1766370600000,88288.20,88508.50,88241.80,88340.80,1125.448
1766371500000,88340.90,88504.40,88340.80,88417.10,603.154
1766372400000,88417.10,88610.30,88230.10,88536.60,1238.896
1766373300000,88536.70,88826.10,88527.10,88732.80,1235.951
1766374200000,88732.70,88793.60,88567.60,88668.80,805.475
1766375100000,88668.80,88781.90,88632.90,88727.50,440.644
1766376000000,88727.40,88790.90,88665.30,88738.60,368.419
1766376900000,88738.60,88985.60,88738.50,88906.10,1059.886
1766377800000,88906.10,88983.50,88757.10,88950.00,737.531
1766378700000,88950.00,88996.30,88807.70,88863.50,700.179
1766379600000,88863.40,88961.70,88779.90,88784.20,523.729
1766380500000,88784.30,88855.90,88712.10,88760.10,459.374
1766381400000,88760.00,88966.00,88736.30,88875.60,400.935
1766382300000,88875.00,88965.90,88756.50,88790.70,434.803
1766383200000,88790.60,88831.30,88688.60,88710.00,460.435
1766384100000,88710.00,88871.40,88705.70,88800.80,594.852
1766385000000,88800.90,88979.40,88793.40,88929.80,434.484
1766385900000,88929.90,88948.30,88844.80,88867.30,401.416
1766386800000,88867.30,89160.00,88845.00,89109.00,979.994
1766387700000,89109.00,89127.30,89014.20,89070.40,500.140
1766388600000,89070.40,89173.80,89032.20,89106.50,530.743
1766389500000,89106.50,89146.20,88982.80,89127.70,557.989
1766390400000,89127.80,89244.40,89050.10,89159.00,1028.302
1766391300000,89159.00,89873.00,89149.90,89786.60,5470.148
1766392200000,89786.60,89887.90,89540.00,89706.90,2527.174
1766393100000,89706.90,89739.90,89177.00,89297.60,2651.099
1766394000000,89297.60,89500.00,89253.20,89297.80,1127.247
1766394900000,89297.90,89605.80,89270.40,89550.10,906.333
1766395800000,89550.10,89689.60,89442.60,89557.80,985.240
1766396700000,89557.70,89798.00,89526.70,89785.30,922.801
1766397600000,89785.30,89837.40,89561.30,89645.30,1032.106
1766398500000,89645.30,89798.50,89627.20,89656.40,1474.312
1766399400000,89656.30,89822.60,89656.30,89785.90,672.491
1766400300000,89786.00,89818.20,89739.00,89742.00,581.300
1766401200000,89742.00,89850.00,89639.40,89745.60,929.258
1766402100000,89745.70,89875.70,89607.70,89803.90,899.546
1766403000000,89803.90,90050.00,89740.80,89827.80,3188.384
1766403900000,89827.80,90085.00,89816.40,89905.20,1519.133
1766404800000,89905.20,90070.00,89811.60,90039.40,1393.311
1766405700000,90039.40,90286.70,90039.40,90268.40,2428.866
1766406600000,90268.40,90599.00,90016.10,90118.00,4183.126
1766407500000,90118.10,90265.00,90035.90,90171.20,1108.741
1766408400000,90171.20,90286.80,90048.70,90123.30,1027.066
1766409300000,90123.30,90138.90,89934.30,90086.30,1588.224
1766410200000,90086.40,90086.40,89685.00,89727.30,2171.348
1766411100000,89727.40,89946.30,89727.30,89882.60,1275.659
1766412000000,89882.60,90100.00,89865.60,89940.50,1242.127
1766412900000,89940.40,90147.00,89911.00,89924.30,1136.306
1766413800000,89924.30,90166.00,89381.30,89783.50,6266.188
1766414700000,89783.40,90259.60,89680.40,90088.40,4158.917
1766415600000,90088.40,90451.90,89560.00,89560.00,4996.655
1766416500000,89560.10,89810.80,89109.10,89564.00,4335.315
1766417400000,89564.00,89629.00,89151.90,89370.80,2964.694
1766418300000,89370.80,89886.10,89225.70,89688.50,2776.904
1766419200000,89688.60,89926.80,89606.50,89776.50,2006.005
1766420100000,89776.60,90088.00,89776.50,90034.90,1288.233
1766421000000,90034.90,90035.00,89472.60,89557.60,2274.445
1766421900000,89557.30,89735.60,89506.70,89508.40,647.974
1766422800000,89508.50,89545.20,89044.90,89248.10,2646.374
1766423700000,89248.10,89350.00,89050.00,89302.90,1506.274
1766424600000,89302.90,89487.50,89210.00,89273.20,1236.284
1766425500000,89273.30,89369.90,89161.10,89271.00,721.953
1766426400000,89271.00,89462.10,89201.70,89340.30,961.394
1766427300000,89340.20,89488.80,89212.60,89434.10,732.763
1766428200000,89434.10,89477.50,89276.50,89372.90,455.039
1766429100000,89373.00,89448.70,89102.00,89104.80,704.847
1766430000000,89104.90,89109.70,88613.80,88669.00,3875.492
1766430900000,88669.10,88839.80,88471.40,88492.20,1730.218
1766431800000,88492.20,88590.00,88258.50,88303.00,2462.750
1766432700000,88303.00,88329.00,87906.70,88011.10,2900.688
1766433600000,88011.00,88239.40,87913.00,88114.20,2917.317
1766434500000,88114.30,88145.80,87872.60,88035.20,1610.409
1766435400000,88035.20,88300.00,88007.10,88299.90,1474.584
1766436300000,88300.00,88445.90,88100.00,88305.90,2129.444
1766437200000,88305.30,88466.00,88270.80,88297.90,867.508
1766438100000,88297.90,88409.30,88277.80,88399.20,458.584
1766439000000,88399.10,88574.20,88392.20,88509.80,876.186
1766439900000,88509.70,88512.50,88186.60,88232.10,724.634
1766440800000,88232.00,88349.40,88100.00,88251.20,720.933
1766441700000,88251.30,88397.10,88233.60,88395.20,509.238
1766442600000,88395.20,88425.70,88261.30,88330.30,559.179
1766443500000,88330.30,88805.90,88330.30,88616.10,2083.977
1766444400000,88616.00,88679.00,88453.50,88596.30,1386.524
1766445300000,88596.30,88639.70,88500.00,88614.20,866.765
1766446200000,88614.10,88617.80,88409.20,88461.30,636.409
1766447100000,88461.40,88612.50,88388.00,88581.50,611.010
1766448000000,88581.50,88581.50,88461.20,88517.40,535.895
1766448900000,88517.40,88676.60,88501.90,88591.20,857.056
1766449800000,88591.10,88904.90,88536.60,88703.70,1522.183
1766450700000,88703.70,88817.30,88637.90,88731.50,686.290
1766451600000,88731.60,88855.40,88580.40,88580.40,863.310
1766452500000,88580.40,88650.00,88533.20,88548.80,538.521
1766453400000,88548.80,88619.00,88379.00,88453.40,725.545
1766454300000,88453.30,88514.70,88420.00,88470.90,550.167
1766455200000,88470.90,88611.60,88250.00,88528.20,1291.320
1766456100000,88528.20,88722.00,88523.10,88671.80,796.751
1766457000000,88671.70,88712.40,88227.90,88228.90,1295.598
1766457900000,88229.00,88284.70,88070.00,88167.80,1220.609
1766458800000,88167.70,88186.20,87738.30,88093.10,3242.462
1766459700000,88093.00,88244.60,88029.40,88185.90,1066.935
1766460600000,88185.90,88323.00,88113.80,88290.80,752.431
1766461500000,88290.80,88290.90,88117.70,88128.20,580.165
1766462400000,88128.20,88335.00,88041.00,88268.90,785.956
1766463300000,88269.10,88342.00,88217.90,88218.40,331.114
1766464200000,88218.40,88226.80,88028.00,88087.20,510.992
1766465100000,88087.30,88118.70,87889.60,87892.00,983.483
1766466000000,87892.10,87958.00,87800.00,87865.70,944.951
1766466900000,87865.60,87988.00,87833.20,87971.20,430.754
1766467800000,87971.20,87971.30,87547.70,87744.00,2467.980
1766468700000,87744.00,87810.00,87573.20,87726.60,1111.408
1766469600000,87726.70,87745.00,87333.70,87503.20,2962.067
1766470500000,87503.10,87577.70,86976.60,87169.80,5445.411
1766471400000,87169.90,87320.50,87057.60,87258.00,1732.616
1766472300000,87258.00,87450.00,87202.10,87355.20,1272.838
1766473200000,87355.40,87492.40,87318.70,87401.60,1388.925
1766474100000,87401.60,87567.30,87342.00,87555.10,1170.332
1766475000000,87555.10,87585.20,87461.50,87474.80,870.194
1766475900000,87474.80,87651.40,87474.70,87531.30,771.411
1766476800000,87531.30,87603.90,87461.90,87554.90,662.318
1766477700000,87555.00,87662.60,87500.00,87582.10,687.310
1766478600000,87582.00,87645.40,87550.50,87565.70,496.435
1766479500000,87565.70,87577.70,87389.00,87426.80,1056.809
1766480400000,87426.70,87570.60,87417.80,87524.30,677.058
1766481300000,87524.30,87595.50,87333.30,87398.00,818.021
1766482200000,87398.00,87460.50,87256.30,87449.20,746.685
1766483100000,87449.20,87542.10,87429.70,87494.40,384.686
1766484000000,87494.30,87576.20,87467.50,87510.70,367.456
1766484900000,87510.70,87614.60,87500.00,87582.30,427.854
1766485800000,87582.20,87595.70,87468.00,87558.30,551.335
1766486700000,87558.30,87630.00,87532.80,87570.30,659.760
1766487600000,87570.30,87670.40,87520.10,87639.20,756.301
1766488500000,87639.10,87852.00,87611.60,87710.30,2634.605
1766489400000,87710.30,87780.70,87653.80,87778.70,588.105
1766490300000,87778.70,87830.10,87761.30,87813.90,584.162
1766491200000,87813.80,87900.00,87650.00,87773.70,1653.573
1766492100000,87773.60,87782.50,87564.00,87601.40,833.465
1766493000000,87601.40,87855.70,87546.00,87835.10,859.822
1766493900000,87835.00,87914.00,87737.30,87737.30,777.806
1766494800000,87737.30,87750.10,87656.50,87729.00,677.654
1766495700000,87728.90,87858.60,87610.00,87795.60,840.336
1766496600000,87795.50,87858.30,87345.80,87670.00,2230.192
1766497500000,87670.00,87670.10,87428.00,87567.70,1201.728
1766498400000,87567.70,87792.90,87563.90,87712.10,1421.335
1766499300000,87712.10,87718.70,87523.40,87602.90,1001.139
1766500200000,87603.00,87716.40,87222.60,87384.50,3676.629
1766501100000,87384.40,87393.10,86536.00,86837.30,9766.218
1766502000000,86837.20,87118.10,86670.20,86924.70,3836.779
1766502900000,86924.80,87474.60,86924.80,87252.40,3208.308
1766503800000,87252.30,87523.20,87200.40,87350.00,1395.611
1766504700000,87350.10,87469.90,87213.80,87405.30,1004.273
1766505600000,87405.20,88178.70,87286.00,87726.70,6936.326
1766506500000,87726.90,87993.80,87707.30,87819.00,1774.465
1766507400000,87818.90,87880.00,87629.40,87798.90,1187.781
1766508300000,87799.00,88116.00,87766.50,87959.80,2134.992
1766509200000,87959.80,88247.80,87818.10,87827.50,2130.523
1766510100000,87827.40,88061.30,87695.30,87695.40,1382.716
1766511000000,87695.30,87848.00,87623.10,87775.60,1646.373
1766511900000,87775.60,87781.90,87129.00,87138.10,2530.841
1766512800000,87138.10,87577.00,87121.40,87543.30,2681.085
1766513700000,87543.20,87880.00,87516.40,87795.40,2228.998
1766514600000,87795.40,88150.00,87740.00,88090.00,3165.163
1766515500000,88089.90,88090.00,87851.10,87950.00,1364.371
1766516400000,87950.10,88017.30,87751.60,87880.00,1170.899
1766517300000,87880.00,88000.00,87613.30,87651.50,1003.610
1766518200000,87651.40,87885.10,87615.90,87786.00,623.760
1766519100000,87786.10,87850.00,87650.00,87724.20,539.424
1766520000000,87724.20,87749.10,87491.40,87620.70,757.653
1766520900000,87620.60,87880.70,87620.60,87739.20,514.113
1766521800000,87739.20,88273.00,87660.00,88174.60,1676.781
1766522700000,88174.60,88349.20,87658.30,87674.30,2106.606
1766523600000,87674.40,87775.30,87503.60,87670.10,1055.879
1766524500000,87670.00,87830.60,87627.80,87783.90,658.943
1766525400000,87783.90,87788.20,87634.00,87687.50,427.911
1766526300000,87687.40,87750.10,87610.00,87692.70,537.793
1766527200000,87692.70,87751.70,87358.20,87451.50,915.550
1766528100000,87451.60,87582.30,87375.00,87443.90,560.048
1766529000000,87443.90,87642.70,87213.00,87543.80,1206.002
1766529900000,87543.80,87633.40,87309.00,87378.20,699.545
1766530800000,87378.30,87384.60,87171.50,87289.00,881.480
1766531700000,87289.00,87400.50,87145.00,87379.30,1412.250
1766532600000,87379.30,87488.40,87351.70,87458.20,754.102
1766533500000,87458.20,87488.50,87388.40,87463.00,802.527
1766534400000,87463.10,87634.20,87359.00,87381.00,1502.906
1766535300000,87380.90,87419.10,87230.80,87319.00,582.791
1766536200000,87319.00,87533.80,87237.80,87476.60,373.847
1766537100000,87476.50,87657.10,87476.50,87626.10,607.373
1766538000000,87626.10,87849.90,87573.20,87714.90,945.789
1766538900000,87715.00,87715.00,87603.90,87639.70,388.962
1766539800000,87639.60,87735.00,87470.00,87510.40,791.561
1766540700000,87510.40,87655.80,87471.10,87603.10,384.029
1766541600000,87603.10,87635.00,87300.10,87383.40,757.750
1766542500000,87383.60,87460.00,87322.00,87391.10,558.805
1766543400000,87391.00,87452.90,86958.00,87065.60,2480.395
1766544300000,87065.50,87150.00,86888.00,87100.10,1845.452
1766545200000,87100.10,87100.10,86817.90,87002.20,1602.033
1766546100000,87002.20,87227.00,86975.20,87195.00,1062.473
1766547000000,87195.00,87305.00,87195.00,87279.30,724.357
1766547900000,87279.20,87359.40,87279.20,87311.40,733.313
1766548800000,87311.40,87430.00,87284.00,87391.30,812.567
1766549700000,87391.30,87406.80,87254.30,87281.70,689.903
1766550600000,87281.70,87308.80,87161.20,87256.40,527.412
1766551500000,87256.50,87307.20,87041.60,87110.60,495.047
1766552400000,87110.50,87210.90,87025.80,87063.90,408.793
1766553300000,87063.80,87223.10,87015.50,87131.20,593.233
1766554200000,87131.30,87137.60,86777.00,86795.10,1945.122
1766555100000,86795.20,86994.90,86738.80,86920.10,1189.052
1766556000000,86920.10,86953.90,86822.00,86822.10,594.542
1766556900000,86822.10,86985.00,86753.00,86935.30,750.562
1766557800000,86935.20,87029.10,86882.90,86979.20,745.088
1766558700000,86979.80,87030.00,86935.20,86980.10,472.938
1766559600000,86980.00,87030.00,86958.50,87015.10,364.122
1766560500000,87015.10,87050.00,86934.60,86963.10,323.940
1766561400000,86963.20,87147.10,86960.60,87115.40,676.741
1766562300000,87115.50,87146.90,86862.00,86868.10,713.336
1766563200000,86868.10,86968.00,86825.00,86940.30,882.418
1766564100000,86940.30,87040.20,86750.00,86895.10,844.286
1766565000000,86895.20,86925.70,86750.00,86896.80,510.254
1766565900000,86896.90,86938.40,86712.00,86751.50,641.847
1766566800000,86751.60,86835.10,86751.60,86835.00,472.067
1766567700000,86834.90,86848.50,86759.50,86799.90,312.177
1766568600000,86799.90,86800.00,86671.70,86760.50,806.009
1766569500000,86760.50,86865.20,86750.80,86763.60,364.784
1766570400000,86763.60,87045.40,86759.50,87027.80,1167.643
1766571300000,87027.80,87070.00,86964.50,86999.80,740.006
1766572200000,86999.70,87119.30,86999.70,87066.20,617.478
1766573100000,87066.30,87160.00,87031.20,87042.80,644.491
1766574000000,87042.80,87280.00,87042.80,87242.30,1053.193
1766574900000,87242.30,87316.70,87176.10,87189.70,778.911
1766575800000,87189.70,87236.40,87152.70,87203.80,313.337
1766576700000,87203.70,87273.80,87162.50,87162.60,388.348
1766577600000,87162.60,87257.40,87087.00,87256.00,632.220
1766578500000,87255.90,87366.00,87216.50,87282.30,688.424
1766579400000,87282.30,87400.00,87274.10,87370.40,474.403
1766580300000,87370.50,87450.00,87266.60,87393.10,720.086
1766581200000,87393.00,87410.40,87239.60,87266.60,530.203
1766582100000,87266.60,87307.90,87190.10,87228.70,434.845
1766583000000,87228.60,87281.20,87009.30,87131.00,1214.969
1766583900000,87131.00,87284.50,87131.00,87250.50,591.892
1766584800000,87250.50,87420.00,87250.50,87377.20,675.648
1766585700000,87377.20,87393.60,87160.00,87196.60,494.695
1766586600000,87196.50,87250.40,86355.00,86950.10,7909.727
1766587500000,86950.00,87254.80,86704.50,86950.00,2563.647
1766588400000,86950.00,87166.90,86837.50,86868.60,1815.745
1766589300000,86868.60,86978.60,86526.20,86817.50,1851.454
1766590200000,86817.60,87194.80,86799.80,87020.90,2044.110
1766591100000,87020.90,87116.30,86898.60,87012.00,656.917
1766592000000,87012.00,87178.20,86942.50,87092.10,1158.019
1766592900000,87092.10,87119.00,86878.30,86939.70,580.163
1766593800000,86939.80,87660.00,86939.70,87485.40,3888.404
1766594700000,87485.40,87500.00,87157.10,87250.60,1046.826
1766595600000,87250.60,87450.00,87243.10,87310.00,762.152
1766596500000,87310.00,87439.80,87279.90,87421.80,433.544
1766597400000,87421.80,87545.60,87281.20,87371.80,779.242
1766598300000,87371.80,87447.50,87215.00,87284.50,803.780
1766599200000,87284.60,87384.60,87195.60,87317.50,868.602
1766600100000,87317.50,87478.70,87304.80,87383.50,684.603
1766601000000,87383.60,87439.90,87357.80,87422.10,326.383
1766601900000,87422.10,87470.00,87385.70,87435.00,206.287
1766602800000,87435.00,87475.10,87359.00,87369.70,426.782
1766603700000,87369.60,87457.60,87273.40,87457.60,783.849
1766604600000,87455.70,87482.00,87416.20,87470.80,226.129
1766605500000,87470.80,87542.00,87453.60,87521.40,352.741
1766606400000,87521.40,87649.30,87504.00,87576.30,509.334
1766607300000,87576.20,87621.30,87571.00,87575.80,239.295
1766608200000,87575.80,87633.00,87549.10,87603.00,293.803
1766609100000,87602.90,87603.00,87484.60,87518.80,335.464
1766610000000,87518.70,87639.50,87518.70,87608.20,340.988
1766610900000,87608.10,87740.00,87581.20,87683.80,380.329
1766611800000,87683.80,87763.20,87666.50,87727.50,381.331
1766612700000,87727.60,87727.60,87607.00,87653.80,374.982
1766613600000,87653.90,87864.40,87653.80,87773.50,590.360
1766614500000,87773.50,87823.40,87718.70,87747.80,253.065
1766615400000,87747.70,88033.30,87708.10,87941.90,1099.011
1766616300000,87941.80,87983.70,87902.50,87962.00,329.377
1766617200000,87962.00,87985.00,87751.90,87780.10,852.161
1766618100000,87780.00,87785.90,87540.40,87559.30,943.129
1766619000000,87559.40,87676.10,87559.30,87609.90,405.956
1766619900000,87610.00,87683.30,87600.70,87627.30,406.949
1766620800000,87627.40,87698.20,87520.30,87613.40,750.356
1766621700000,87613.40,87710.00,87572.40,87572.40,389.808
1766622600000,87572.50,87671.70,87477.20,87506.60,503.899
1766623500000,87506.60,87618.10,87466.90,87529.90,351.779
1766624400000,87529.90,87630.00,87526.50,87630.00,258.265
1766625300000,87629.90,87714.10,87565.80,87675.10,349.210
1766626200000,87675.00,87697.00,87534.50,87697.00,366.672
1766627100000,87697.00,87710.60,87625.00,87668.00,217.399
1766628000000,87668.00,87720.00,87517.80,87699.60,364.609
1766628900000,87699.70,87723.70,87678.30,87696.10,199.284
1766629800000,87696.10,87875.40,87696.10,87862.10,406.958
1766630700000,87862.10,87933.50,87817.30,87847.80,478.228
1766631600000,87847.90,87890.00,87727.00,87805.30,366.425
1766632500000,87805.30,87865.90,87770.70,87799.90,220.580
1766633400000,87799.80,87799.90,87732.10,87772.00,206.596
1766634300000,87772.00,87832.60,87735.00,87811.60,203.456
1766635200000,87811.60,87811.60,87689.80,87745.70,524.241
1766636100000,87745.60,87800.00,87708.10,87715.20,251.905
1766637000000,87715.30,87768.40,87712.10,87747.00,187.482
1766637900000,87747.00,87800.00,87740.60,87740.60,145.771
1766638800000,87740.50,87740.50,87617.10,87626.40,553.480
1766639700000,87626.40,87693.70,87622.30,87673.60,235.545
1766640600000,87673.70,87739.30,87673.60,87720.00,169.919
1766641500000,87720.00,87749.40,87706.00,87706.00,168.392
1766642400000,87706.10,87724.60,87634.50,87671.10,206.754
1766643300000,87671.10,87732.80,87671.10,87712.30,165.082
1766644200000,87712.40,87777.00,87712.40,87737.80,163.030
1766645100000,87737.80,87811.60,87737.70,87799.50,313.219
1766646000000,87799.60,87810.50,87739.10,87775.10,174.253
1766646900000,87775.10,87785.30,87739.00,87763.80,138.153
1766647800000,87763.80,87763.90,87718.30,87720.10,179.218
1766648700000,87720.10,87830.00,87713.10,87795.90,297.943
1766649600000,87795.90,87858.80,87737.40,87751.90,421.522
1766650500000,87751.80,87751.80,87313.20,87405.00,2239.694
1766651400000,87405.00,87472.50,87380.00,87467.60,498.154
1766652300000,87467.50,87598.70,87416.00,87546.20,659.341
1766653200000,87546.20,87565.80,87415.10,87459.80,354.814
1766654100000,87459.80,87497.80,87411.00,87449.90,307.105
1766655000000,87450.00,87477.40,87408.00,87460.00,293.944
1766655900000,87460.10,87508.40,87445.00,87482.10,272.020
1766656800000,87482.10,87494.70,87350.00,87350.00,510.855
1766657700000,87350.10,87414.80,87318.10,87387.30,337.880
1766658600000,87387.20,87393.80,87219.00,87296.20,802.971
1766659500000,87296.20,87390.00,87257.00,87386.00,404.015
1766660400000,87386.10,87517.60,87376.00,87458.90,365.521
1766661300000,87459.00,87539.00,87429.90,87523.40,271.023
1766662200000,87523.40,87554.70,87465.00,87493.60,278.563
1766663100000,87493.50,87537.10,87443.50,87485.20,287.869
1766664000000,87485.20,87533.00,87439.00,87447.50,286.601
1766664900000,87447.50,87547.80,87445.30,87530.40,248.019
1766665800000,87530.40,87555.10,87453.10,87485.90,257.852
1766666700000,87485.80,87540.60,87473.60,87533.70,143.684
1766667600000,87533.80,87533.80,87445.50,87490.10,235.340
1766668500000,87490.00,87496.70,87360.70,87476.00,375.163
1766669400000,87475.90,87662.80,87430.00,87577.70,661.347
1766670300000,87577.80,87651.20,87525.70,87597.10,599.018
1766671200000,87597.10,87689.30,87586.30,87659.00,484.720
1766672100000,87659.10,87685.00,87509.00,87534.10,448.536
1766673000000,87534.20,87608.60,87526.70,87585.80,250.484
1766673900000,87585.90,87730.90,87585.80,87675.10,447.705
1766674800000,87675.00,87780.00,87664.10,87734.20,696.388
1766675700000,87734.30,88226.00,87709.90,88035.60,2630.588
1766676600000,88035.70,88518.00,87900.80,88475.90,4162.172
1766677500000,88475.90,88594.00,88250.00,88338.90,3432.750
1766678400000,88339.00,88401.60,88112.50,88275.30,1412.706
1766679300000,88275.30,88451.60,88269.40,88377.00,966.754
1766680200000,88377.00,88434.00,88136.70,88287.60,1134.581
1766681100000,88287.70,88293.40,87948.90,88042.00,1468.268
1766682000000,88042.10,88167.90,87947.80,88000.00,829.947
1766682900000,88000.10,88132.90,87985.00,88013.80,444.585
1766683800000,88013.80,88050.00,87980.70,88024.00,343.985
1766684700000,88024.00,88173.10,88000.10,88096.20,396.976
1766685600000,88096.10,88281.60,88096.10,88264.70,716.797
1766686500000,88264.70,88267.50,88176.00,88197.40,238.711
1766687400000,88197.30,88280.70,88105.50,88208.90,312.808
1766688300000,88208.80,88255.60,88192.90,88198.50,145.145
1766689200000,88198.50,88214.30,88118.60,88141.40,266.875
1766690100000,88141.40,88150.10,88032.30,88074.50,435.183
1766691000000,88074.50,88120.70,88029.90,88097.70,238.281
1766691900000,88097.70,88128.90,88066.70,88112.30,118.554
1766692800000,88112.30,88139.20,88020.60,88069.40,257.511
1766693700000,88069.40,88101.90,87599.50,87729.30,1875.124
1766694600000,87729.40,87795.50,87655.00,87772.20,614.085
1766695500000,87772.40,87865.00,87772.40,87844.70,352.314
1766696400000,87844.80,87944.70,87776.50,87944.70,723.719
1766697300000,87944.60,87945.50,87883.70,87919.40,178.512
1766698200000,87919.40,87940.00,87898.00,87917.30,151.197
1766699100000,87917.20,87926.80,87827.40,87862.00,168.983
1766700000000,87862.00,87882.10,87735.60,87818.20,379.125
1766700900000,87818.20,87839.70,87777.80,87800.00,185.869
1766701800000,87800.10,87868.70,87650.00,87666.10,283.901
1766702700000,87666.00,87666.00,87251.20,87607.90,2659.970
1766703600000,87607.90,87734.50,87434.30,87651.90,1153.166
1766704500000,87651.80,87658.90,87423.20,87439.20,609.529
1766705400000,87439.20,87439.20,86974.50,87015.00,3172.138
1766706300000,87014.90,87296.20,86902.10,87182.80,2387.384
1766707200000,87182.80,87289.80,87000.00,87168.20,1559.727
1766708100000,87168.10,87234.10,86907.70,87043.00,1249.855
1766709000000,87043.10,87177.70,86824.80,86931.50,1405.385
1766709900000,86931.60,87093.00,86892.20,87084.50,889.410
1766710800000,87084.40,87294.30,87084.40,87250.00,958.247
1766711700000,87250.00,87349.20,87206.80,87302.90,890.030
1766712600000,87302.90,87417.90,87262.60,87367.10,539.364
1766713500000,87367.00,87477.00,87340.00,87386.60,570.164
1766714400000,87386.70,88185.30,87376.50,88171.70,2518.468
1766715300000,88171.70,89296.10,88171.70,89000.00,12560.300
1766716200000,89000.00,89432.00,88999.90,89189.90,4920.660
1766717100000,89189.80,89295.10,88994.10,89151.80,2656.722
1766718000000,89151.80,89246.60,88977.40,89002.20,2245.098
1766718900000,89002.20,89002.30,88700.00,88800.00,2498.658
1766719800000,88799.90,88844.90,88670.00,88706.00,1181.334
1766720700000,88706.00,88850.00,88698.80,88796.20,1471.715
1766721600000,88796.20,88796.20,88469.80,88682.60,2233.592
1766722500000,88682.70,88750.00,88601.00,88669.30,546.756
1766723400000,88669.30,89062.40,88669.20,88986.80,1420.117
1766724300000,88986.80,89100.00,88916.10,88926.00,1339.153
1766725200000,88926.00,88973.00,88859.20,88893.00,753.335
1766726100000,88893.00,88900.00,88793.80,88872.80,544.380
1766727000000,88872.80,88880.00,88780.00,88824.40,412.279
1766727900000,88824.30,89007.00,88809.20,88954.70,593.918
1766728800000,88954.70,89110.00,88954.60,89049.60,1196.972
1766729700000,89049.70,89111.00,88995.10,89034.10,708.387
1766730600000,89034.10,89200.00,89008.50,89199.80,648.701
1766731500000,89199.80,89199.90,89068.60,89085.00,658.772
1766732400000,89085.00,89350.00,89085.00,89317.90,1405.055
1766733300000,89317.90,89557.60,89233.40,89369.90,2407.236
1766734200000,89370.00,89377.10,88721.30,88750.00,3103.368
1766735100000,88750.00,88776.10,88300.50,88433.00,3965.316
1766736000000,88433.00,88865.70,88380.00,88633.00,3490.899
1766736900000,88633.00,88756.50,88580.00,88695.00,1106.475
1766737800000,88695.00,88695.00,88524.30,88600.00,727.343
1766738700000,88600.00,88727.30,88562.50,88707.40,532.988
1766739600000,88707.40,88766.10,88607.00,88651.50,408.475
1766740500000,88651.60,88833.30,88650.00,88713.30,601.736
1766741400000,88713.30,88755.50,88685.10,88749.00,255.017
1766742300000,88749.10,88888.00,88742.10,88783.20,904.510
1766743200000,88782.90,88855.20,88719.00,88845.00,477.294
1766744100000,88844.90,88849.40,88652.50,88793.40,621.154
1766745000000,88793.40,88793.80,88642.90,88712.70,343.413
1766745900000,88712.70,88832.20,88710.00,88717.50,321.036
1766746800000,88717.40,88722.70,88624.60,88640.10,292.335
1766747700000,88640.10,88651.80,88571.90,88571.90,475.132
1766748600000,88571.90,88632.70,88523.40,88568.90,361.688
1766749500000,88568.80,88590.60,88500.00,88507.50,499.609
1766750400000,88507.60,88691.70,88507.50,88661.70,620.315
1766751300000,88661.70,88678.70,88590.50,88669.00,352.694
1766752200000,88669.00,88736.00,88620.00,88714.80,496.698
1766753100000,88714.80,88732.90,88632.60,88649.60,350.204
1766754000000,88649.70,88807.40,88580.90,88807.30,655.348
1766754900000,88807.40,88814.70,88716.40,88740.10,567.125
1766755800000,88740.10,89025.60,88727.00,88880.90,2034.810
1766756700000,88880.90,89037.00,88865.30,88959.10,1012.002
1766757600000,88959.20,89017.20,88870.50,88914.70,718.618
1766758500000,88914.70,88982.30,88887.30,88940.30,577.821
1766759400000,88940.20,89014.80,88225.00,88362.90,5346.511
1766760300000,88362.90,88399.20,87302.50,87344.40,15021.698
1766761200000,87344.40,87347.00,86726.20,86735.10,12023.512
1766762100000,86735.10,87078.00,86619.90,86976.60,5931.450
1766763000000,86976.50,87138.00,86866.60,86999.90,3586.790
1766763900000,86999.90,87187.70,86931.00,87100.00,2141.906
1766764800000,87100.00,87232.20,86980.00,86980.00,2591.217
1766765700000,86980.10,87285.80,86980.00,87217.30,1646.809
1766766600000,87217.20,87349.10,87120.00,87234.00,1385.212
1766767500000,87234.10,87262.90,86800.70,86821.70,2091.803
1766768400000,86821.70,87049.00,86760.40,86947.10,1718.936
1766769300000,86947.10,87284.70,86946.60,87257.50,1250.237
1766770200000,87257.40,87437.20,87165.60,87344.80,2761.720
1766771100000,87344.70,87422.50,87230.00,87288.60,877.782
1766772000000,87288.50,87346.10,87182.10,87295.60,711.030
1766772900000,87295.60,87339.80,87175.30,87175.30,390.968
1766773800000,87175.30,87280.50,87170.00,87179.10,615.199
1766774700000,87179.00,87308.20,87090.00,87232.50,810.987
1766775600000,87232.50,87340.10,87201.90,87272.10,371.815
1766776500000,87272.00,87364.60,87200.00,87318.00,446.959
1766777400000,87318.00,87428.00,87311.00,87427.90,481.597
1766778300000,87427.90,87555.00,87377.50,87453.70,1035.436
1766779200000,87453.70,87523.70,87346.50,87483.50,661.350
1766780100000,87483.50,87598.90,87454.70,87560.10,553.900
1766781000000,87560.10,87640.90,87522.00,87640.80,822.586
1766781900000,87640.90,87750.00,87521.70,87547.70,1311.293
1766782800000,87547.70,87657.90,87500.00,87612.40,548.009
1766783700000,87612.40,87617.40,87493.00,87535.90,293.622
1766784600000,87535.90,87535.90,87426.40,87458.20,371.378
1766785500000,87458.10,87509.60,87402.60,87429.30,309.825
1766786400000,87429.20,87551.90,87420.50,87420.50,229.932
1766787300000,87420.60,87485.40,87350.00,87385.50,437.627
1766788200000,87385.60,87481.20,87266.60,87366.60,592.280
1766789100000,87366.60,87505.50,87269.90,87505.40,359.313
1766790000000,87505.40,87508.20,87429.90,87440.60,215.526
1766790900000,87440.60,87500.00,87404.90,87407.90,267.630
1766791800000,87407.80,87435.30,87293.80,87321.40,505.666
1766792700000,87321.40,87369.00,87286.90,87318.20,395.013
1766793600000,87318.30,87366.60,87229.40,87282.10,568.722
1766794500000,87282.10,87317.70,87203.00,87273.90,357.343
1766795400000,87274.00,87361.80,87271.50,87347.90,252.824
1766796300000,87347.90,87377.50,87338.00,87360.00,213.437
1766797200000,87359.90,87365.70,87311.50,87357.30,190.633
1766798100000,87357.30,87357.30,87285.60,87343.00,190.311
1766799000000,87342.90,87452.70,87342.90,87392.20,326.849
1766799900000,87392.10,87444.80,87369.70,87431.60,165.376
1766800800000,87431.60,87459.20,87341.10,87432.90,587.373
1766801700000,87432.90,87433.00,87370.80,87404.30,256.122
1766802600000,87404.20,87418.10,87372.50,87418.10,163.104
1766803500000,87418.00,87425.80,87391.50,87410.70,146.549
1766804400000,87410.60,87445.90,87338.70,87339.90,460.590
1766805300000,87339.90,87385.60,87339.90,87385.50,160.783
1766806200000,87385.50,87477.50,87385.50,87464.70,269.280
1766807100000,87464.60,87493.40,87455.00,87473.40,255.140
1766808000000,87473.40,87482.00,87434.10,87450.50,156.940
1766808900000,87450.50,87459.00,87415.20,87426.20,110.505
1766809800000,87426.10,87460.10,87413.10,87460.10,124.839
1766810700000,87460.10,87460.10,87423.00,87428.00,119.605
1766811600000,87427.90,87443.30,87400.00,87423.20,163.606
1766812500000,87423.20,87428.00,87404.20,87414.60,124.130
1766813400000,87414.50,87473.20,87414.50,87462.10,145.724
1766814300000,87462.10,87474.00,87441.90,87466.20,136.142
1766815200000,87466.10,87526.50,87430.00,87491.10,312.623
1766816100000,87491.10,87491.20,87400.00,87427.60,245.260
1766817000000,87427.50,87431.80,87374.50,87414.30,236.407
1766817900000,87414.30,87431.30,87396.20,87426.80,115.188
1766818800000,87426.80,87514.40,87426.80,87510.10,214.608
1766819700000,87510.10,87669.70,87490.80,87552.10,718.957
1766820600000,87552.10,87552.20,87482.20,87504.20,355.947
1766821500000,87504.20,87509.00,87471.60,87490.90,244.994
1766822400000,87490.90,87566.90,87490.90,87512.80,340.588
1766823300000,87512.90,87634.90,87512.80,87563.70,378.717
1766824200000,87563.80,87600.00,87547.50,87568.60,236.578
1766825100000,87568.50,87568.60,87539.90,87545.60,141.536
1766826000000,87545.70,87619.60,87538.90,87607.40,243.273
1766826900000,87607.40,87622.70,87500.00,87523.40,437.643
1766827800000,87523.40,87608.50,87523.40,87558.00,242.344
1766828700000,87558.00,87592.00,87557.90,87575.40,189.693
1766829600000,87575.40,87575.40,87503.80,87503.90,301.049
1766830500000,87503.80,87585.00,87500.00,87500.10,278.835
1766831400000,87500.10,87511.50,87324.60,87402.80,1151.384
1766832300000,87402.70,87475.60,87376.20,87460.60,305.837
1766833200000,87460.50,87488.00,87404.20,87485.20,300.930
1766834100000,87485.10,87513.10,87449.30,87453.00,235.605
1766835000000,87452.90,87493.50,87436.90,87444.70,148.707
1766835900000,87444.80,87509.00,87400.00,87433.60,233.493
1766836800000,87433.60,87461.90,87377.90,87417.20,379.865
1766837700000,87417.20,87458.50,87400.70,87453.20,182.645
1766838600000,87453.20,87489.90,87437.60,87458.90,120.002
1766839500000,87459.00,87474.40,87411.20,87431.90,127.404
1766840400000,87432.00,87440.00,87349.60,87397.90,381.989
1766841300000,87397.90,87411.70,87355.60,87358.60,305.425
1766842200000,87358.60,87444.40,87264.80,87431.30,640.031
1766843100000,87431.20,87440.10,87410.60,87410.70,132.377
1766844000000,87410.60,87425.70,87354.40,87406.40,230.184
1766844900000,87406.40,87425.00,87372.00,87387.30,293.947
1766845800000,87387.20,87481.00,87382.80,87480.90,306.976
1766846700000,87481.00,87517.80,87470.10,87500.70,413.697
1766847600000,87500.70,87514.90,87420.50,87511.10,371.773
1766848500000,87511.10,87511.10,87456.70,87492.90,132.114
1766849400000,87492.90,87554.90,87492.90,87551.50,350.353
1766850300000,87551.50,87555.00,87494.80,87516.20,146.266
1766851200000,87516.30,87545.60,87448.50,87448.70,268.686
1766852100000,87448.70,87477.70,87397.50,87428.50,246.491
1766853000000,87428.50,87533.50,87428.50,87494.20,236.081
1766853900000,87494.30,87503.30,87445.30,87454.10,184.705
1766854800000,87454.20,87477.20,87420.00,87477.20,169.373
1766855700000,87477.10,87496.10,87448.10,87492.70,120.059
1766856600000,87492.60,87502.40,87470.30,87502.30,75.952
1766857500000,87502.30,87523.60,87500.00,87514.00,120.787
1766858400000,87514.00,87534.60,87475.50,87479.60,119.130
1766859300000,87479.60,87506.90,87460.60,87482.10,120.734
1766860200000,87482.00,87494.00,87472.00,87472.00,68.395
1766861100000,87472.00,87478.10,87414.50,87452.80,225.414
1766862000000,87452.80,87538.60,87452.80,87506.30,229.614
1766862900000,87506.30,87519.70,87490.00,87507.40,86.596
1766863800000,87507.40,87519.50,87498.60,87498.70,77.857
1766864700000,87498.70,87534.00,87498.60,87522.40,92.884
1766865600000,87522.30,87592.40,87522.30,87555.60,197.588
1766866500000,87555.60,87555.60,87491.60,87504.20,136.553
1766867400000,87504.20,87515.80,87479.90,87507.80,89.481
1766868300000,87507.70,87514.90,87500.00,87514.90,54.709
1766869200000,87514.90,87588.90,87512.70,87573.60,189.738
1766870100000,87573.50,87594.40,87568.30,87593.20,201.549
1766871000000,87593.10,87633.00,87585.80,87592.40,225.893
1766871900000,87592.50,87627.10,87592.40,87623.50,127.473
1766872800000,87623.50,87887.90,87585.20,87823.90,1401.952
1766873700000,87824.00,87937.00,87643.50,87644.10,1239.311
1766874600000,87644.10,87649.20,87477.70,87536.60,608.361
1766875500000,87536.60,87617.90,87455.50,87526.30,361.033
1766876400000,87526.40,87606.10,87518.30,87569.10,327.756
1766877300000,87569.10,87678.10,87569.00,87604.40,327.113
1766878200000,87604.40,87649.60,87604.40,87641.00,127.994
1766879100000,87641.00,87956.90,87639.00,87829.40,1463.676
1766880000000,87829.50,87921.70,87767.40,87777.00,969.290
1766880900000,87776.90,87788.00,87674.40,87702.70,546.336
1766881800000,87702.70,87866.80,87675.90,87849.90,525.281
1766882700000,87849.90,87905.00,87799.10,87811.70,377.008
1766883600000,87811.80,87909.90,87811.70,87817.80,294.724
1766884500000,87817.80,87817.90,87700.00,87775.60,319.351
1766885400000,87775.60,87831.80,87721.00,87783.80,377.811
1766886300000,87783.80,87783.80,87734.20,87749.30,174.222
1766887200000,87749.20,87762.30,87712.80,87742.40,182.593
1766888100000,87742.40,87781.70,87742.40,87774.70,126.978
1766889000000,87774.60,87847.30,87774.60,87800.00,144.210
1766889900000,87800.00,87811.00,87767.20,87768.70,114.936
1766890800000,87768.60,87808.20,87740.00,87745.50,152.420
1766891700000,87745.40,87775.80,87700.00,87708.70,213.180
1766892600000,87708.70,87745.80,87708.60,87712.50,150.137
1766893500000,87712.50,87723.00,87693.00,87693.00,149.796
1766894400000,87693.10,87802.50,87651.00,87770.70,593.329
1766895300000,87770.60,87770.60,87717.90,87765.70,133.008
1766896200000,87765.70,87765.70,87695.10,87714.20,99.855
1766897100000,87714.20,87729.90,87655.00,87683.90,191.750
1766898000000,87683.80,87683.90,87589.30,87659.90,327.091
1766898900000,87660.00,87660.00,87566.00,87580.80,283.972
1766899800000,87580.90,87650.90,87571.60,87643.70,173.369
1766900700000,87643.70,87677.30,87598.70,87620.00,171.330
1766901600000,87619.90,87673.90,87606.00,87671.30,139.252
1766902500000,87671.20,87704.60,87656.60,87696.90,327.026
1766903400000,87696.80,87753.70,87689.90,87749.50,233.034
1766904300000,87749.60,87749.60,87695.90,87696.00,164.065
1766905200000,87695.90,87699.90,87636.00,87678.30,229.722
1766906100000,87678.20,87678.30,87640.90,87652.70,195.448
1766907000000,87652.80,87666.30,87632.90,87640.20,187.931
1766907900000,87640.20,87697.70,87640.20,87697.70,145.760
1766908800000,87697.70,87782.80,87697.70,87763.00,300.512
1766909700000,87763.00,87771.60,87738.00,87746.90,153.642
1766910600000,87746.80,87948.00,87724.20,87805.00,700.222
1766911500000,87805.00,87836.80,87743.50,87771.00,416.524
1766912400000,87771.10,87842.70,87765.90,87830.10,222.991
1766913300000,87830.00,87868.00,87808.80,87850.70,188.923
1766914200000,87850.70,87850.70,87676.40,87742.80,693.536
1766915100000,87742.80,87768.20,87727.50,87768.20,166.936
1766916000000,87768.20,87934.30,87768.10,87865.20,594.841
1766916900000,87865.20,87936.10,87839.90,87921.70,651.270
1766917800000,87921.60,87980.90,87800.90,87814.90,618.036
1766918700000,87814.90,87829.10,87805.60,87828.70,178.644
1766919600000,87828.70,87896.70,87828.60,87887.10,231.069
1766920500000,87887.00,87896.00,87839.60,87856.40,234.320
1766921400000,87856.50,87856.50,87774.40,87795.10,237.574
1766922300000,87795.10,87854.90,87795.00,87850.80,293.771
1766923200000,87850.90,87864.20,87782.10,87810.00,310.918
1766924100000,87810.00,87825.10,87783.00,87817.00,152.543
1766925000000,87816.90,87833.20,87762.20,87779.40,343.638
1766925900000,87779.50,87859.90,87779.40,87820.40,299.260
1766926800000,87820.50,87931.80,87816.60,87816.70,559.594
1766927700000,87816.60,87878.10,87774.60,87814.50,263.445
1766928600000,87814.50,87930.00,87814.50,87883.60,480.301
1766929500000,87883.50,87900.00,87851.90,87862.50,280.963
1766930400000,87862.60,87958.00,87862.60,87936.90,494.077
1766931300000,87936.90,87947.70,87886.60,87946.40,239.041
1766932200000,87946.50,88078.30,87902.60,87963.60,775.491
1766933100000,87963.60,87999.00,87871.50,87873.30,587.007
1766934000000,87873.30,87960.00,87818.70,87939.80,566.430
1766934900000,87939.80,87967.30,87902.00,87919.10,332.861
1766935800000,87919.20,87919.20,87859.00,87884.00,253.916
1766936700000,87884.00,87920.60,87780.00,87797.70,429.727
1766937600000,87797.60,87876.90,87785.80,87834.80,497.942
1766938500000,87834.80,87865.70,87702.70,87748.40,679.213
1766939400000,87748.30,87806.60,87748.30,87770.20,277.500
1766940300000,87770.20,87801.60,87770.20,87780.00,138.017
1766941200000,87780.00,87872.40,87780.00,87872.40,306.424
1766942100000,87872.40,87902.70,87850.30,87855.80,204.656
1766943000000,87855.90,87855.90,87782.80,87782.80,134.762
1766943900000,87782.80,87797.50,87723.40,87730.10,275.750
1766944800000,87730.10,87750.70,87574.20,87650.00,1429.347
1766945700000,87649.90,87695.50,87448.40,87690.90,2503.371
1766946600000,87690.80,87731.80,87666.00,87680.10,292.979
1766947500000,87680.00,87680.10,87501.30,87570.10,615.671
1766948400000,87570.00,87672.10,87490.00,87643.30,615.436
1766949300000,87643.30,87643.40,87477.80,87485.40,555.505
1766950200000,87485.30,87608.80,87485.30,87571.70,393.420
1766951100000,87571.60,87592.70,87482.60,87488.60,310.709
1766952000000,87488.70,87547.50,87411.00,87482.20,727.425
1766952900000,87482.30,87563.50,87482.20,87545.80,192.861
1766953800000,87545.80,87585.90,87545.70,87578.10,122.198
1766954700000,87578.20,87630.90,87478.20,87478.20,412.378
1766955600000,87478.20,87516.90,87402.60,87516.80,550.704
1766956500000,87516.80,87557.60,87465.50,87507.90,217.687
1766957400000,87507.90,87569.20,87494.90,87555.40,145.220
1766958300000,87555.30,87560.60,87530.50,87556.10,115.086
1766959200000,87556.10,87564.10,87440.80,87490.40,180.261
1766960100000,87490.40,87599.60,87482.80,87594.20,242.511
1766961000000,87594.20,87694.70,87557.00,87615.00,263.127
1766961900000,87615.00,87968.40,87615.00,87868.70,1166.816
1766962800000,87868.70,88023.40,87655.50,87661.60,1505.814
1766963700000,87661.60,87792.10,87661.50,87678.60,390.578
1766964600000,87678.60,87790.50,87603.30,87781.40,444.830
1766965500000,87781.40,87939.80,87764.60,87920.50,785.528
1766966400000,87920.40,87955.30,87786.80,87861.60,778.798
1766967300000,87861.50,88020.00,87778.50,87983.10,791.785
1766968200000,87983.10,88308.90,87966.40,88148.90,3145.558
1766969100000,88148.90,88414.00,88109.90,88262.20,3137.542
1766970000000,88262.20,88288.00,88000.20,88031.60,1129.865
1766970900000,88031.60,88031.70,87828.80,87966.00,1045.565
1766971800000,87966.00,88470.50,87913.00,88280.70,2341.943
1766972700000,88280.60,88444.60,88280.60,88419.30,1658.847
1766973600000,88419.30,89270.00,88419.20,89240.10,10258.950
1766974500000,89240.00,89368.60,88868.00,89122.50,4622.533
1766975400000,89122.60,89238.60,88966.80,89076.40,1593.510
1766976300000,89076.30,89285.30,89051.10,89129.10,1431.799
1766977200000,89129.10,89472.60,89049.20,89460.10,2630.419
1766978100000,89460.00,89485.00,89326.40,89443.40,1617.865
1766979000000,89443.40,90000.00,89443.40,89957.90,5076.938
1766979900000,89957.90,90156.50,89795.90,90091.60,3951.572
1766980800000,90091.50,90137.10,89899.90,90026.80,3273.439
1766981700000,90026.80,90180.00,89927.50,90052.10,2523.317
1766982600000,90052.10,90373.40,90013.30,90186.30,2470.105
1766983500000,90186.30,90264.10,90099.50,90100.10,1286.665
1766984400000,90100.10,90259.10,90054.30,90176.30,1803.696
1766985300000,90176.30,90185.40,90046.80,90046.80,1268.163
1766986200000,90046.80,90160.20,89978.00,90096.10,1606.122
1766987100000,90096.10,90108.00,89869.10,89950.80,1536.996
1766988000000,89950.80,90003.80,89848.00,89969.60,1262.792
1766988900000,89969.60,90097.60,89918.90,89929.00,661.152
1766989800000,89929.00,89961.10,89849.20,89869.40,720.179
1766990700000,89869.50,89869.50,89715.80,89740.70,1527.233
1766991600000,89740.70,89819.40,89448.10,89615.10,2285.971
1766992500000,89615.10,89667.00,89478.60,89493.60,1304.715
1766993400000,89493.50,89653.30,89468.90,89531.90,1080.680
1766994300000,89531.90,89630.00,89506.20,89583.00,852.962
1766995200000,89583.00,89629.90,89435.60,89629.90,1178.302
1766996100000,89629.90,89791.50,89608.50,89740.00,1670.301
1766997000000,89740.00,89764.20,89585.00,89677.20,930.614
1766997900000,89677.20,89777.80,89423.00,89519.00,1496.297
1766998800000,89519.00,89581.00,89445.50,89470.70,864.360
1766999700000,89470.70,89471.90,89255.40,89283.70,1264.771
1767000600000,89283.60,89296.60,88131.80,88194.00,13087.585
1767001500000,88193.90,88193.90,87715.60,88068.20,9271.776
1767002400000,88068.20,88241.10,87877.20,88038.60,4663.225
1767003300000,88038.50,88038.50,87896.20,87984.00,1649.312
1767004200000,87984.10,87984.10,87850.00,87890.90,1334.407
1767005100000,87890.90,87919.20,87599.30,87747.10,2186.538
1767006000000,87747.20,87749.50,87558.10,87743.50,2095.988
1767006900000,87743.60,87756.60,87662.20,87701.40,980.030
1767007800000,87701.40,87717.30,87542.90,87600.10,1272.101
1767008700000,87600.10,87615.80,87520.10,87529.00,1354.749
1767009600000,87529.10,87605.50,86827.20,86926.40,8620.072
1767010500000,86926.30,87326.60,86760.00,87235.90,6352.738
1767011400000,87236.00,87404.80,87150.00,87267.50,2925.569
1767012300000,87267.40,87366.40,87250.10,87344.00,1154.608
1767013200000,87343.90,87499.90,87204.80,87289.60,2256.697
1767014100000,87289.60,87424.80,87228.50,87259.40,1453.756
1767015000000,87259.50,87331.50,87205.00,87242.10,974.964
1767015900000,87242.00,87361.00,87124.90,87354.30,1918.205
1767016800000,87354.30,87389.00,87216.10,87386.70,1126.727
1767017700000,87386.60,87592.00,87312.20,87575.00,2470.359
1767018600000,87575.00,88150.00,87379.70,88049.90,7224.368
1767019500000,88049.90,88064.80,87262.20,87399.90,4644.750
1767020400000,87400.00,87684.90,87170.50,87683.80,3490.900
1767021300000,87683.70,87878.90,87418.50,87693.20,2707.061
1767022200000,87693.30,87849.90,87628.00,87774.80,873.946
1767023100000,87774.80,87809.50,87536.20,87636.60,1524.911
1767024000000,87636.40,87800.00,87557.60,87731.10,1456.188
1767024900000,87731.10,87741.70,87400.00,87500.60,1109.948
1767025800000,87500.50,87687.90,87489.00,87573.20,779.442
1767026700000,87573.20,87731.50,87500.90,87587.00,758.735
1767027600000,87587.00,87714.20,87533.30,87577.10,807.586
1767028500000,87577.10,87639.10,87300.00,87400.10,1027.283
1767029400000,87400.10,87587.70,87383.90,87563.60,670.316
1767030300000,87563.60,87819.90,87563.60,87814.10,1250.585
1767031200000,87814.10,87968.10,87646.00,87754.40,1911.044
1767032100000,87754.50,87835.00,87647.10,87677.70,648.859
1767033000000,87677.60,87745.10,87476.70,87572.70,777.932
1767033900000,87572.70,87582.20,87324.70,87426.90,1186.435
1767034800000,87426.80,87631.90,87259.60,87537.40,1503.295
1767035700000,87537.30,87556.00,87433.40,87474.90,437.739
1767036600000,87474.90,87554.30,87350.00,87374.00,420.840
1767037500000,87374.10,87436.20,87300.00,87328.90,493.702
1767038400000,87328.90,87516.10,87257.90,87500.90,991.910
1767039300000,87500.80,87569.20,87292.60,87307.90,795.032
1767040200000,87307.90,87371.50,87180.00,87200.90,1118.650
1767041100000,87200.90,87248.90,87052.20,87182.90,1852.062
1767042000000,87183.00,87354.00,87150.20,87318.20,593.375
1767042900000,87318.10,87342.90,87198.10,87265.70,275.308
1767043800000,87265.70,87333.40,87228.10,87331.90,174.239
1767044700000,87331.90,87331.90,87282.90,87311.20,193.534
1767045600000,87311.20,87311.20,87043.40,87104.40,674.723
1767046500000,87104.40,87243.20,87104.40,87194.20,319.996
1767047400000,87194.20,87370.00,87174.00,87351.00,422.948
1767048300000,87351.00,87380.40,87308.30,87317.00,312.809
1767049200000,87317.10,87374.30,87245.00,87339.80,422.751
1767050100000,87339.70,87339.80,87168.40,87179.00,327.059
1767051000000,87179.00,87231.10,87144.00,87182.10,356.333
1767051900000,87182.10,87232.60,87171.10,87203.30,235.888
1767052800000,87203.20,87315.30,87168.10,87264.60,667.903
1767053700000,87264.60,87329.70,87260.00,87263.50,264.379
1767054600000,87263.40,87263.50,87075.00,87108.20,707.602
1767055500000,87108.10,87240.90,87108.10,87223.20,291.107
1767056400000,87223.20,87258.20,87114.80,87194.60,355.841
1767057300000,87194.50,87270.20,87153.30,87167.50,269.904
1767058200000,87167.60,87248.40,87074.50,87236.10,472.930
1767059100000,87236.00,87326.80,87236.00,87283.00,523.171
1767060000000,87283.00,87294.50,87057.00,87175.60,807.908
1767060900000,87175.60,87314.60,87175.60,87214.10,616.016
1767061800000,87214.10,87237.50,86948.00,87113.90,2291.086
1767062700000,87113.90,87115.40,86934.50,87072.80,760.986
1767063600000,87072.80,87080.30,86880.00,86889.00,975.919
1767064500000,86888.90,87274.70,86789.00,87237.10,2739.084
1767065400000,87237.10,87287.30,87160.30,87238.70,522.226
1767066300000,87238.60,87393.10,87215.10,87334.70,1172.921
1767067200000,87334.70,87392.70,87250.00,87278.30,756.934
1767068100000,87278.30,87454.40,87266.00,87408.50,616.984
1767069000000,87408.50,87424.60,87350.00,87407.90,557.995
1767069900000,87407.90,87418.60,87256.60,87262.00,377.790
1767070800000,87262.10,87318.60,87244.20,87318.40,373.007
1767071700000,87318.40,87323.10,87183.70,87230.20,344.221
1767072600000,87230.10,87230.20,87105.60,87201.10,496.139
1767073500000,87201.10,87227.00,87160.20,87216.20,191.871
1767074400000,87216.10,87300.00,87198.40,87299.90,342.450
1767075300000,87300.00,87390.00,87292.00,87353.30,370.177
1767076200000,87353.30,87481.90,87337.90,87442.70,778.882
1767077100000,87442.60,87487.70,87375.90,87404.30,710.587
1767078000000,87404.30,87496.50,87362.00,87471.00,577.931
1767078900000,87471.10,87581.40,87322.60,87377.90,802.712
1767079800000,87378.00,87489.50,87356.70,87445.90,526.908
1767080700000,87445.90,87469.80,87418.40,87457.50,346.501
1767081600000,87457.50,87987.60,87455.50,87833.90,3850.366
1767082500000,87833.90,88190.60,87720.00,87788.50,5550.254
1767083400000,87788.50,87950.00,87732.10,87869.70,1419.053
1767084300000,87869.70,87947.90,87792.90,87827.10,813.902
1767085200000,87827.00,87888.00,87753.40,87764.10,592.984
1767086100000,87764.10,87764.20,87609.00,87659.10,1533.805
1767087000000,87659.10,87818.90,87648.60,87818.90,623.392
1767087900000,87818.90,88000.00,87784.70,87954.70,1160.423
1767088800000,87954.70,88124.70,87912.80,87979.50,1840.360
1767089700000,87979.60,88050.00,87913.00,87982.30,695.406
1767090600000,87982.30,88113.50,87863.60,88111.50,947.416
1767091500000,88111.40,88150.10,87878.30,87914.30,1349.253
1767092400000,87914.30,87990.40,87862.70,87987.00,671.355
1767093300000,87987.10,87997.00,87873.20,87898.20,396.219
1767094200000,87898.30,87980.00,87840.00,87846.80,483.280
1767095100000,87846.80,87917.00,87722.50,87875.20,1399.834
1767096000000,87875.30,88033.50,87870.00,88001.80,1142.510
1767096900000,88001.80,88055.60,87946.00,87962.40,536.864
1767097800000,87962.50,88029.70,87904.90,87957.20,542.191
1767098700000,87957.30,87993.40,87919.30,87993.40,295.787
1767099600000,87993.30,88009.90,87874.80,87912.50,864.056
1767100500000,87912.50,88094.10,87874.80,88055.00,784.638
1767101400000,88055.10,88097.70,87884.00,88036.00,760.659
1767102300000,88036.00,88111.70,87984.60,88069.80,703.096
1767103200000,88069.90,88069.90,87788.20,87995.80,1538.792
1767104100000,87995.80,88383.30,87983.40,88106.10,2851.538
1767105000000,88106.00,88227.80,87840.00,88057.20,2935.667
1767105900000,88057.20,88976.30,87988.30,88831.40,9124.153
1767106800000,88831.50,89032.10,88150.00,88308.30,7058.778
1767107700000,88308.30,88529.10,88164.80,88433.00,2810.803
1767108600000,88433.00,88761.90,88390.00,88722.40,2174.589
1767109500000,88722.30,89126.00,88634.60,88966.80,4777.802
1767110400000,88966.80,89100.00,88737.90,88918.90,3922.938
1767111300000,88918.90,89355.00,88904.90,89167.10,4921.955
1767112200000,89167.00,89220.00,88614.30,88667.30,4292.333
1767113100000,88667.40,88750.00,88517.60,88698.90,2069.969
1767114000000,88698.80,88858.90,88667.30,88718.10,1099.526
1767114900000,88718.00,88766.90,88442.20,88584.40,2120.138
1767115800000,88584.40,88645.90,88471.10,88488.40,806.184
1767116700000,88488.30,88493.90,88070.50,88330.20,5270.823
1767117600000,88330.20,88372.00,88237.70,88260.00,863.268
1767118500000,88260.00,88405.80,88251.20,88335.80,648.875
1767119400000,88335.80,88456.50,88297.10,88324.70,648.371
1767120300000,88324.70,88324.70,88088.00,88259.60,992.780
1767121200000,88259.70,88259.70,87910.40,88026.30,2127.597
1767122100000,88026.30,88339.60,87992.50,88307.30,1351.840
1767123000000,88307.30,88395.90,88222.00,88272.80,809.207
1767123900000,88272.70,88308.30,88100.00,88189.70,565.527
1767124800000,88189.80,88189.80,88037.30,88100.10,818.127
1767125700000,88100.00,88181.50,87995.50,88025.80,647.878
1767126600000,88025.70,88144.60,88001.40,88011.70,636.421
1767127500000,88011.60,88011.60,87833.20,87900.30,1480.042
1767128400000,87900.20,88063.20,87846.20,88046.40,877.827
1767129300000,88046.60,88156.20,88041.60,88116.10,600.819
1767130200000,88116.10,88250.00,88116.10,88234.80,466.808
1767131100000,88234.90,88298.10,88184.60,88245.50,422.430
1767132000000,88245.50,88434.80,88245.50,88427.50,689.780
1767132900000,88427.50,88427.50,88317.30,88385.50,388.552
1767133800000,88385.50,88420.50,88245.90,88286.60,505.711
1767134700000,88287.10,88394.40,88240.10,88387.70,314.012
1767135600000,88387.80,88470.00,88320.00,88406.90,821.220
1767136500000,88406.80,88533.00,88374.00,88525.80,927.209
1767137400000,88525.90,88531.50,88468.10,88500.80,420.142
1767138300000,88500.90,88503.40,88425.10,88455.30,377.654
1767139200000,88455.20,88455.30,88301.40,88342.40,813.221
1767140100000,88342.40,88419.70,88262.50,88349.60,682.443
1767141000000,88349.70,88361.40,88210.90,88283.80,602.920
1767141900000,88283.80,88283.80,88209.90,88226.30,283.793
1767142800000,88226.20,88289.70,88134.90,88276.10,766.057
1767143700000,88276.00,88660.00,88264.90,88542.80,1907.246
1767144600000,88542.80,88735.00,88542.80,88690.80,988.934
1767145500000,88690.80,88758.20,88547.70,88604.70,718.423
1767146400000,88604.70,88650.00,88477.90,88650.00,611.736
1767147300000,88649.90,88700.00,88582.50,88627.70,419.677
1767148200000,88627.70,88715.50,88500.10,88559.20,507.455
1767149100000,88559.20,88687.90,88475.20,88639.30,501.250
1767150000000,88639.40,88780.00,88630.10,88724.90,938.973
1767150900000,88724.90,88724.90,88477.20,88503.50,705.785
1767151800000,88503.50,88514.90,88335.00,88426.90,853.458
1767152700000,88426.80,88450.00,88370.90,88411.50,377.857
1767153600000,88411.60,88460.00,88373.80,88421.80,385.611
1767154500000,88421.80,88509.90,88335.90,88394.80,760.832
1767155400000,88394.70,88430.90,88340.00,88340.00,262.176
1767156300000,88340.00,88388.70,88280.10,88287.30,622.147
1767157200000,88287.20,88428.00,88287.20,88374.60,395.016
1767158100000,88374.60,88428.00,88305.50,88424.90,318.538
1767159000000,88424.80,88488.00,88400.00,88487.90,381.727
1767159900000,88488.00,88488.00,88406.30,88415.60,341.500
1767160800000,88415.70,88491.10,88415.70,88486.40,280.645
1767161700000,88486.40,88520.00,88425.10,88489.60,398.717
1767162600000,88489.70,88521.80,88438.90,88468.10,347.210
1767163500000,88468.00,88494.00,88446.60,88470.90,171.042
1767164400000,88471.00,88471.00,88385.70,88449.90,281.324
1767165300000,88450.00,88545.70,88385.00,88494.70,491.876
1767166200000,88494.70,88596.00,88476.20,88567.10,459.239
1767167100000,88567.20,88595.40,88526.50,88569.00,386.882
1767168000000,88568.90,88690.00,88568.90,88659.10,1057.543
1767168900000,88659.10,88659.20,88591.00,88607.70,291.542
1767169800000,88607.80,88607.80,88341.50,88372.60,880.311
1767170700000,88372.50,88422.90,88339.90,88391.20,507.383
1767171600000,88391.30,88549.60,88389.00,88514.40,536.193
1767172500000,88514.40,88569.50,88514.30,88558.00,302.323
1767173400000,88558.00,88647.70,88539.30,88616.60,474.155
1767174300000,88616.60,88679.30,88607.50,88619.50,640.794
1767175200000,88619.50,88790.00,88619.50,88753.00,1016.192
1767176100000,88753.00,88850.00,88642.10,88719.90,1527.022
1767177000000,88719.90,88733.90,88615.10,88708.40,539.671
1767177900000,88708.40,88810.80,88681.60,88804.60,452.679
1767178800000,88804.60,88916.50,88774.10,88823.60,1191.537
1767179700000,88823.60,88900.00,88759.40,88896.20,583.031
1767180600000,88896.20,88987.90,88828.70,88982.20,1295.532
1767181500000,88982.10,89000.00,88852.00,88967.60,1144.252
1767182400000,88967.60,88997.60,88857.80,88900.20,1161.004
1767183300000,88900.10,88961.40,88862.70,88897.60,628.512
1767184200000,88897.60,88942.10,88772.40,88792.10,1136.494
1767185100000,88792.10,88824.00,88702.50,88737.00,882.709
1767186000000,88737.00,88809.50,88700.00,88775.70,663.271
1767186900000,88775.70,88862.60,88763.30,88805.70,649.559
1767187800000,88805.80,88805.80,88705.30,88754.00,616.463
1767188700000,88754.10,89025.10,88734.80,88954.40,1398.451
1767189600000,88954.30,89192.80,88878.40,89099.30,2178.990
1767190500000,89099.20,89104.40,88902.00,88911.10,995.110
1767191400000,88911.10,88911.10,88521.50,88619.70,3760.397
1767192300000,88619.60,88627.30,88233.50,88443.40,4161.847
1767193200000,88443.40,88450.00,87898.70,88156.70,5039.039
1767194100000,88156.80,88166.60,87880.00,87951.90,3058.292
1767195000000,87951.90,88084.00,87729.20,88006.20,3282.866
1767195900000,88006.10,88125.30,87880.90,87909.00,1923.836
1767196800000,87909.00,87967.80,87774.40,87884.10,2247.973
1767197700000,87884.00,88024.30,87642.40,87888.20,3116.019
1767198600000,87888.20,87911.10,87350.50,87432.70,4552.049
1767199500000,87432.60,87666.30,87391.40,87625.90,2161.846
1767200400000,87625.90,87656.10,87454.00,87506.10,1347.454
1767201300000,87506.10,87716.00,87454.00,87588.40,1365.750
1767202200000,87588.40,87646.50,87509.00,87582.10,785.911
1767203100000,87582.10,87654.40,87529.00,87587.20,756.499
1767204000000,87587.20,87917.30,87535.00,87883.90,2588.143
1767204900000,87884.00,87952.00,87788.00,87912.60,974.879
1767205800000,87912.60,87923.50,87797.30,87841.60,855.396
1767206700000,87841.50,87853.20,87651.40,87655.80,689.737
1767207600000,87655.90,87846.00,87655.90,87757.40,641.584
1767208500000,87757.40,87799.80,87640.60,87706.60,445.016
1767209400000,87706.60,87713.10,87603.90,87619.00,380.861
1767210300000,87618.90,87687.90,87454.00,87515.00,1144.858
1767211200000,87515.00,87525.60,87391.10,87517.80,1457.215
1767212100000,87517.80,87538.20,87408.00,87465.10,724.311
1767213000000,87465.10,87512.40,87189.20,87411.00,2397.081
1767213900000,87410.90,87683.60,87340.00,87629.00,1650.162
1767214800000,87629.00,87762.80,87629.00,87714.00,1011.947
1767215700000,87714.10,87750.00,87682.30,87724.40,286.111
1767216600000,87724.30,87841.90,87724.30,87786.90,479.460
1767217500000,87786.90,87795.00,87731.80,87764.00,346.621
1767218400000,87764.00,87798.80,87729.80,87798.70,337.513
1767219300000,87798.70,87849.70,87767.30,87825.40,360.715
1767220200000,87825.40,87825.40,87652.20,87696.00,479.610
1767221100000,87696.00,87744.00,87613.40,87695.70,287.261
1767222000000,87695.80,87702.10,87622.60,87658.70,272.770
1767222900000,87658.70,87661.80,87583.60,87640.90,243.045
1767223800000,87640.90,87656.00,87610.20,87652.60,154.553
1767224700000,87652.60,87670.10,87600.00,87608.20,285.297
